INSERT INTO `country` (`countryId`, `country`, `createDate`, `createdBy`, `lastUpdate`, `lastUpdateBy`) VALUES (1, 'Australia', '1979-03-23 20:45:55', 'Erick', '1970-06-09 02:47:38', 'Skylar');
INSERT INTO `country` (`countryId`, `country`, `createDate`, `createdBy`, `lastUpdate`, `lastUpdateBy`) VALUES (2, 'Madagascar', '2004-01-16 07:59:28', 'Faye', '1983-03-13 15:37:25', 'Cleta');
INSERT INTO `country` (`countryId`, `country`, `createDate`, `createdBy`, `lastUpdate`, `lastUpdateBy`) VALUES (3, 'South Africa', '1985-12-28 08:46:09', 'Blanche', '1979-01-21 01:17:43', 'Richmond');
INSERT INTO `country` (`countryId`, `country`, `createDate`, `createdBy`, `lastUpdate`, `lastUpdateBy`) VALUES (4, 'Puerto Rico', '2017-07-21 11:03:33', 'Kathryne', '1992-10-02 03:54:32', 'Amie');
INSERT INTO `country` (`countryId`, `country`, `createDate`, `createdBy`, `lastUpdate`, `lastUpdateBy`) VALUES (5, 'Cocos (Keeling) Islands', '1979-11-02 14:52:09', 'Otilia', '2003-12-24 06:49:38', 'Elwyn');
INSERT INTO `country` (`countryId`, `country`, `createDate`, `createdBy`, `lastUpdate`, `lastUpdateBy`) VALUES (6, 'Grenada', '2016-03-23 15:07:29', 'Ethelyn', '1972-08-04 21:56:28', 'Lucile');
INSERT INTO `country` (`countryId`, `country`, `createDate`, `createdBy`, `lastUpdate`, `lastUpdateBy`) VALUES (7, 'Portugal', '2017-02-25 17:51:25', 'Reymundo', '2013-03-12 17:54:41', 'Russel');
INSERT INTO `country` (`countryId`, `country`, `createDate`, `createdBy`, `lastUpdate`, `lastUpdateBy`) VALUES (8, 'Denmark', '1988-06-05 02:30:05', 'Sophia', '2000-12-07 10:46:09', 'Viola');
INSERT INTO `country` (`countryId`, `country`, `createDate`, `createdBy`, `lastUpdate`, `lastUpdateBy`) VALUES (9, 'Hong Kong', '1975-11-06 04:14:15', 'Webster', '1978-06-03 00:06:07', 'Roselyn');
INSERT INTO `country` (`countryId`, `country`, `createDate`, `createdBy`, `lastUpdate`, `lastUpdateBy`) VALUES (10, 'Rwanda', '1996-09-20 06:10:22', 'Erna', '1971-08-20 14:12:03', 'Keira');
INSERT INTO `country` (`countryId`, `country`, `createDate`, `createdBy`, `lastUpdate`, `lastUpdateBy`) VALUES (11, 'Nigeria', '1975-11-08 16:58:30', 'Hazle', '1972-06-21 12:22:57', 'Mohammed');
INSERT INTO `country` (`countryId`, `country`, `createDate`, `createdBy`, `lastUpdate`, `lastUpdateBy`) VALUES (12, 'Saudi Arabia', '1989-02-14 00:40:17', 'Danny', '1999-01-22 11:48:24', 'Jarred');
INSERT INTO `country` (`countryId`, `country`, `createDate`, `createdBy`, `lastUpdate`, `lastUpdateBy`) VALUES (13, 'Svalbard & Jan Mayen Islands', '2011-05-21 19:02:02', 'Waldo', '2006-12-04 18:34:56', 'Esmeralda');
INSERT INTO `country` (`countryId`, `country`, `createDate`, `createdBy`, `lastUpdate`, `lastUpdateBy`) VALUES (14, 'India', '1997-04-15 10:13:01', 'Theodore', '2002-06-27 05:04:09', 'Clara');
INSERT INTO `country` (`countryId`, `country`, `createDate`, `createdBy`, `lastUpdate`, `lastUpdateBy`) VALUES (15, 'Senegal', '1982-10-24 01:51:59', 'Boris', '1980-04-30 22:10:28', 'Beaulah');
INSERT INTO `country` (`countryId`, `country`, `createDate`, `createdBy`, `lastUpdate`, `lastUpdateBy`) VALUES (16, 'Sri Lanka', '1984-01-06 23:30:20', 'Jamie', '1995-07-17 09:42:31', 'Emma');
INSERT INTO `country` (`countryId`, `country`, `createDate`, `createdBy`, `lastUpdate`, `lastUpdateBy`) VALUES (17, 'Tunisia', '1976-04-01 01:09:34', 'Jennyfer', '2010-01-15 08:03:39', 'Eric');
INSERT INTO `country` (`countryId`, `country`, `createDate`, `createdBy`, `lastUpdate`, `lastUpdateBy`) VALUES (18, 'Slovakia (Slovak Republic)', '2007-08-23 05:51:01', 'Christ', '1979-10-31 10:53:11', 'Amaya');
INSERT INTO `country` (`countryId`, `country`, `createDate`, `createdBy`, `lastUpdate`, `lastUpdateBy`) VALUES (19, 'Antigua and Barbuda', '1971-12-07 21:48:46', 'Coralie', '1981-11-16 15:12:38', 'Bert');
INSERT INTO `country` (`countryId`, `country`, `createDate`, `createdBy`, `lastUpdate`, `lastUpdateBy`) VALUES (20, 'Russian Federation', '1993-07-28 15:32:59', 'Alberto', '1998-12-10 12:09:07', 'Edna');
INSERT INTO `country` (`countryId`, `country`, `createDate`, `createdBy`, `lastUpdate`, `lastUpdateBy`) VALUES (21, 'Romania', '2010-04-19 01:50:06', 'Zachery', '1981-01-23 17:04:11', 'Elliott');
INSERT INTO `country` (`countryId`, `country`, `createDate`, `createdBy`, `lastUpdate`, `lastUpdateBy`) VALUES (22, 'Eritrea', '1982-09-17 05:03:38', 'Audreanne', '1994-12-09 12:17:18', 'Angelo');
INSERT INTO `country` (`countryId`, `country`, `createDate`, `createdBy`, `lastUpdate`, `lastUpdateBy`) VALUES (23, 'Tunisia', '1970-01-27 00:06:36', 'Wilbert', '2009-09-13 09:11:38', 'Urban');
INSERT INTO `country` (`countryId`, `country`, `createDate`, `createdBy`, `lastUpdate`, `lastUpdateBy`) VALUES (24, 'Macao', '1988-05-09 12:29:35', 'Sabina', '1986-07-02 05:29:14', 'Eli');
INSERT INTO `country` (`countryId`, `country`, `createDate`, `createdBy`, `lastUpdate`, `lastUpdateBy`) VALUES (25, 'Cote d\'Ivoire', '2010-10-26 02:21:27', 'Janet', '1996-09-26 20:47:53', 'Jayme');
INSERT INTO `country` (`countryId`, `country`, `createDate`, `createdBy`, `lastUpdate`, `lastUpdateBy`) VALUES (26, 'Andorra', '1999-02-09 01:09:51', 'Berta', '1984-02-01 16:09:19', 'Anderson');
INSERT INTO `country` (`countryId`, `country`, `createDate`, `createdBy`, `lastUpdate`, `lastUpdateBy`) VALUES (27, 'El Salvador', '1986-09-17 07:39:10', 'Lukas', '2012-09-06 13:09:09', 'Abagail');
INSERT INTO `country` (`countryId`, `country`, `createDate`, `createdBy`, `lastUpdate`, `lastUpdateBy`) VALUES (28, 'French Guiana', '1987-08-21 00:17:26', 'Geraldine', '2012-10-10 13:21:22', 'Paolo');
INSERT INTO `country` (`countryId`, `country`, `createDate`, `createdBy`, `lastUpdate`, `lastUpdateBy`) VALUES (29, 'Bahamas', '1978-05-13 02:19:43', 'Evans', '1972-04-23 13:41:24', 'Adeline');
INSERT INTO `country` (`countryId`, `country`, `createDate`, `createdBy`, `lastUpdate`, `lastUpdateBy`) VALUES (30, 'Anguilla', '1982-09-07 06:12:04', 'Keeley', '2017-12-24 22:04:24', 'Layla');
INSERT INTO `country` (`countryId`, `country`, `createDate`, `createdBy`, `lastUpdate`, `lastUpdateBy`) VALUES (31, 'Holy See (Vatican City State)', '1987-12-21 14:57:20', 'Jade', '1975-10-31 14:44:43', 'Garrick');
INSERT INTO `country` (`countryId`, `country`, `createDate`, `createdBy`, `lastUpdate`, `lastUpdateBy`) VALUES (32, 'Mongolia', '1983-01-26 12:54:30', 'Hunter', '2007-06-02 14:12:25', 'Kiera');
INSERT INTO `country` (`countryId`, `country`, `createDate`, `createdBy`, `lastUpdate`, `lastUpdateBy`) VALUES (33, 'Bermuda', '1976-04-25 17:41:11', 'Eliane', '1978-07-10 10:31:19', 'Winston');
INSERT INTO `country` (`countryId`, `country`, `createDate`, `createdBy`, `lastUpdate`, `lastUpdateBy`) VALUES (34, 'Guyana', '1976-09-27 06:29:10', 'Gus', '1976-04-02 13:16:06', 'Ova');
INSERT INTO `country` (`countryId`, `country`, `createDate`, `createdBy`, `lastUpdate`, `lastUpdateBy`) VALUES (35, 'Luxembourg', '2009-06-13 10:41:38', 'Bertha', '2012-12-23 00:15:42', 'Al');
INSERT INTO `country` (`countryId`, `country`, `createDate`, `createdBy`, `lastUpdate`, `lastUpdateBy`) VALUES (36, 'Lao People\'s Democratic Republic', '1970-07-10 11:50:04', 'Ilene', '2006-09-04 03:18:02', 'Clay');
INSERT INTO `country` (`countryId`, `country`, `createDate`, `createdBy`, `lastUpdate`, `lastUpdateBy`) VALUES (37, 'Maldives', '1998-06-10 23:36:13', 'Ollie', '1973-03-21 15:12:16', 'Rogelio');
INSERT INTO `country` (`countryId`, `country`, `createDate`, `createdBy`, `lastUpdate`, `lastUpdateBy`) VALUES (38, 'Cocos (Keeling) Islands', '1979-04-21 12:03:58', 'Clarissa', '1993-09-19 05:03:20', 'Eleonore');
INSERT INTO `country` (`countryId`, `country`, `createDate`, `createdBy`, `lastUpdate`, `lastUpdateBy`) VALUES (39, 'Bolivia', '2008-08-18 00:56:12', 'Elta', '1977-12-23 10:22:48', 'Lyla');
INSERT INTO `country` (`countryId`, `country`, `createDate`, `createdBy`, `lastUpdate`, `lastUpdateBy`) VALUES (40, 'Fiji', '1994-10-31 23:05:40', 'Winnifred', '1972-12-24 05:18:24', 'June');
INSERT INTO `country` (`countryId`, `country`, `createDate`, `createdBy`, `lastUpdate`, `lastUpdateBy`) VALUES (41, 'Svalbard & Jan Mayen Islands', '2005-06-22 04:15:19', 'Dorian', '1974-02-23 19:08:56', 'Leone');
INSERT INTO `country` (`countryId`, `country`, `createDate`, `createdBy`, `lastUpdate`, `lastUpdateBy`) VALUES (42, 'Hong Kong', '1978-02-27 02:31:37', 'Christelle', '1996-06-17 06:47:36', 'Sylvester');
INSERT INTO `country` (`countryId`, `country`, `createDate`, `createdBy`, `lastUpdate`, `lastUpdateBy`) VALUES (43, 'Cocos (Keeling) Islands', '2019-06-29 06:15:18', 'Frederique', '2004-12-27 04:26:40', 'Karen');
INSERT INTO `country` (`countryId`, `country`, `createDate`, `createdBy`, `lastUpdate`, `lastUpdateBy`) VALUES (44, 'Malaysia', '2013-03-21 09:15:46', 'Lavina', '2011-09-08 04:40:57', 'Ila');
INSERT INTO `country` (`countryId`, `country`, `createDate`, `createdBy`, `lastUpdate`, `lastUpdateBy`) VALUES (45, 'Libyan Arab Jamahiriya', '1983-04-27 08:41:14', 'Tamara', '1979-01-31 15:05:53', 'Marlen');
INSERT INTO `country` (`countryId`, `country`, `createDate`, `createdBy`, `lastUpdate`, `lastUpdateBy`) VALUES (46, 'Togo', '2006-02-04 22:35:45', 'Rhiannon', '2008-05-31 06:00:39', 'Michel');
INSERT INTO `country` (`countryId`, `country`, `createDate`, `createdBy`, `lastUpdate`, `lastUpdateBy`) VALUES (47, 'Norway', '1991-02-22 15:02:15', 'Julian', '2012-09-26 17:53:19', 'Nels');
INSERT INTO `country` (`countryId`, `country`, `createDate`, `createdBy`, `lastUpdate`, `lastUpdateBy`) VALUES (48, 'Armenia', '2006-07-15 06:45:35', 'Laila', '1993-10-06 14:53:12', 'Silas');
INSERT INTO `country` (`countryId`, `country`, `createDate`, `createdBy`, `lastUpdate`, `lastUpdateBy`) VALUES (49, 'Eritrea', '2007-09-27 19:15:07', 'Luna', '2017-10-07 09:13:44', 'Margarita');
INSERT INTO `country` (`countryId`, `country`, `createDate`, `createdBy`, `lastUpdate`, `lastUpdateBy`) VALUES (50, 'El Salvador', '2010-02-20 08:33:18', 'Fritz', '1972-10-25 17:17:25', 'Myrtis');
INSERT INTO `country` (`countryId`, `country`, `createDate`, `createdBy`, `lastUpdate`, `lastUpdateBy`) VALUES (51, 'Belgium', '2002-12-09 04:20:01', 'Jaeden', '1985-10-24 18:44:48', 'Fern');
INSERT INTO `country` (`countryId`, `country`, `createDate`, `createdBy`, `lastUpdate`, `lastUpdateBy`) VALUES (52, 'American Samoa', '1979-12-24 05:46:05', 'Lacy', '1986-08-20 11:20:05', 'Destini');
INSERT INTO `country` (`countryId`, `country`, `createDate`, `createdBy`, `lastUpdate`, `lastUpdateBy`) VALUES (53, 'Dominican Republic', '2003-11-25 22:59:37', 'Rebeka', '2018-01-03 10:44:06', 'Newton');
INSERT INTO `country` (`countryId`, `country`, `createDate`, `createdBy`, `lastUpdate`, `lastUpdateBy`) VALUES (54, 'Turks and Caicos Islands', '2009-02-22 19:14:49', 'Miller', '1997-09-19 22:50:38', 'Nicolas');
INSERT INTO `country` (`countryId`, `country`, `createDate`, `createdBy`, `lastUpdate`, `lastUpdateBy`) VALUES (55, 'Thailand', '2002-06-02 18:59:24', 'Sheldon', '1984-06-13 13:24:29', 'Hanna');
INSERT INTO `country` (`countryId`, `country`, `createDate`, `createdBy`, `lastUpdate`, `lastUpdateBy`) VALUES (56, 'Sri Lanka', '1979-03-20 06:05:12', 'Kali', '1989-09-02 12:30:53', 'Blake');
INSERT INTO `country` (`countryId`, `country`, `createDate`, `createdBy`, `lastUpdate`, `lastUpdateBy`) VALUES (57, 'Australia', '1973-05-14 04:17:06', 'Hillard', '2019-01-20 13:51:37', 'Rhiannon');
INSERT INTO `country` (`countryId`, `country`, `createDate`, `createdBy`, `lastUpdate`, `lastUpdateBy`) VALUES (58, 'Argentina', '1994-05-29 12:45:10', 'Ernestina', '2002-03-30 12:47:01', 'Stanton');
INSERT INTO `country` (`countryId`, `country`, `createDate`, `createdBy`, `lastUpdate`, `lastUpdateBy`) VALUES (60, 'Falkland Islands (Malvinas)', '1991-09-20 13:03:05', 'Leilani', '1973-02-16 11:35:17', 'Jairo');
INSERT INTO `country` (`countryId`, `country`, `createDate`, `createdBy`, `lastUpdate`, `lastUpdateBy`) VALUES (61, 'United States of America', '1981-10-27 04:21:24', 'Deven', '1986-04-04 21:42:44', 'Louisa');
INSERT INTO `country` (`countryId`, `country`, `createDate`, `createdBy`, `lastUpdate`, `lastUpdateBy`) VALUES (62, 'Poland', '2004-01-25 13:11:53', 'Wendy', '1980-05-02 18:26:07', 'Lilla');
INSERT INTO `country` (`countryId`, `country`, `createDate`, `createdBy`, `lastUpdate`, `lastUpdateBy`) VALUES (63, 'Kazakhstan', '2005-06-18 20:48:32', 'Eldon', '1983-12-30 10:44:17', 'Pedro');
INSERT INTO `country` (`countryId`, `country`, `createDate`, `createdBy`, `lastUpdate`, `lastUpdateBy`) VALUES (64, 'Guernsey', '1973-06-27 22:42:53', 'Alysson', '1970-11-10 19:12:45', 'Sage');
INSERT INTO `country` (`countryId`, `country`, `createDate`, `createdBy`, `lastUpdate`, `lastUpdateBy`) VALUES (65, 'Saint Pierre and Miquelon', '2001-12-01 23:20:23', 'Dalton', '2005-12-28 02:33:51', 'Wilfredo');
INSERT INTO `country` (`countryId`, `country`, `createDate`, `createdBy`, `lastUpdate`, `lastUpdateBy`) VALUES (66, 'New Caledonia', '2013-02-20 16:32:51', 'Pink', '2010-02-21 04:41:11', 'Bertrand');
INSERT INTO `country` (`countryId`, `country`, `createDate`, `createdBy`, `lastUpdate`, `lastUpdateBy`) VALUES (67, 'Brazil', '2008-12-05 07:48:44', 'Edyth', '1988-03-24 08:24:03', 'Kiel');
INSERT INTO `country` (`countryId`, `country`, `createDate`, `createdBy`, `lastUpdate`, `lastUpdateBy`) VALUES (68, 'Austria', '2003-08-18 20:20:57', 'Devante', '2013-01-29 14:56:49', 'Korey');
INSERT INTO `country` (`countryId`, `country`, `createDate`, `createdBy`, `lastUpdate`, `lastUpdateBy`) VALUES (69, 'Japan', '1974-01-27 00:12:48', 'Frances', '2013-06-19 08:20:56', 'Bruce');
INSERT INTO `country` (`countryId`, `country`, `createDate`, `createdBy`, `lastUpdate`, `lastUpdateBy`) VALUES (70, 'Germany', '2008-05-18 05:33:12', 'Precious', '1970-06-29 04:45:18', 'Cicero');
INSERT INTO `country` (`countryId`, `country`, `createDate`, `createdBy`, `lastUpdate`, `lastUpdateBy`) VALUES (71, 'Heard Island and McDonald Islands', '1972-01-15 16:05:31', 'Crystal', '2010-03-06 12:02:15', 'Tobin');
INSERT INTO `country` (`countryId`, `country`, `createDate`, `createdBy`, `lastUpdate`, `lastUpdateBy`) VALUES (72, 'Cayman Islands', '2018-05-30 16:24:39', 'Ariane', '2016-02-11 10:02:05', 'Eloise');
INSERT INTO `country` (`countryId`, `country`, `createDate`, `createdBy`, `lastUpdate`, `lastUpdateBy`) VALUES (73, 'Pitcairn Islands', '1976-10-04 15:14:03', 'Allene', '1990-03-24 04:11:03', 'Trycia');
INSERT INTO `country` (`countryId`, `country`, `createDate`, `createdBy`, `lastUpdate`, `lastUpdateBy`) VALUES (74, 'Congo', '2017-08-24 16:28:21', 'Dale', '2018-11-03 19:30:50', 'Brice');
INSERT INTO `country` (`countryId`, `country`, `createDate`, `createdBy`, `lastUpdate`, `lastUpdateBy`) VALUES (75, 'Georgia', '2016-08-11 00:46:37', 'Perry', '1975-10-23 21:42:50', 'Kip');
INSERT INTO `country` (`countryId`, `country`, `createDate`, `createdBy`, `lastUpdate`, `lastUpdateBy`) VALUES (76, 'French Polynesia', '2016-02-22 21:54:06', 'Naomie', '2015-08-17 20:45:47', 'Audra');
INSERT INTO `country` (`countryId`, `country`, `createDate`, `createdBy`, `lastUpdate`, `lastUpdateBy`) VALUES (77, 'Azerbaijan', '1971-03-17 15:21:20', 'Kayley', '2004-11-19 10:54:10', 'Cyrus');
INSERT INTO `country` (`countryId`, `country`, `createDate`, `createdBy`, `lastUpdate`, `lastUpdateBy`) VALUES (78, 'Kenya', '1971-07-05 00:29:07', 'Tracy', '1970-04-26 06:04:49', 'Richmond');
INSERT INTO `country` (`countryId`, `country`, `createDate`, `createdBy`, `lastUpdate`, `lastUpdateBy`) VALUES (79, 'Hong Kong', '2017-02-10 21:08:11', 'Oleta', '1996-10-28 23:22:01', 'Kristopher');
INSERT INTO `country` (`countryId`, `country`, `createDate`, `createdBy`, `lastUpdate`, `lastUpdateBy`) VALUES (80, 'Qatar', '1971-05-17 09:27:45', 'Carlotta', '2010-12-09 18:15:45', 'Carolyn');
INSERT INTO `country` (`countryId`, `country`, `createDate`, `createdBy`, `lastUpdate`, `lastUpdateBy`) VALUES (81, 'Faroe Islands', '1986-04-24 16:22:12', 'Rosario', '2001-09-20 12:23:33', 'Leora');
INSERT INTO `country` (`countryId`, `country`, `createDate`, `createdBy`, `lastUpdate`, `lastUpdateBy`) VALUES (82, 'Libyan Arab Jamahiriya', '2015-03-17 02:33:14', 'Drew', '2016-05-25 09:48:01', 'Gregorio');
INSERT INTO `country` (`countryId`, `country`, `createDate`, `createdBy`, `lastUpdate`, `lastUpdateBy`) VALUES (83, 'Mongolia', '2005-06-18 17:18:06', 'Destin', '1995-03-29 12:07:17', 'Deanna');
INSERT INTO `country` (`countryId`, `country`, `createDate`, `createdBy`, `lastUpdate`, `lastUpdateBy`) VALUES (84, 'Russian Federation', '2010-07-02 07:25:04', 'Kiarra', '2008-03-15 13:02:56', 'Ulises');
INSERT INTO `country` (`countryId`, `country`, `createDate`, `createdBy`, `lastUpdate`, `lastUpdateBy`) VALUES (85, 'Samoa', '1980-12-14 05:40:31', 'Natasha', '2009-11-01 03:31:09', 'Wilmer');
INSERT INTO `country` (`countryId`, `country`, `createDate`, `createdBy`, `lastUpdate`, `lastUpdateBy`) VALUES (86, 'Japan', '1987-09-19 01:04:46', 'Marco', '2002-10-03 17:33:54', 'Annabel');
INSERT INTO `country` (`countryId`, `country`, `createDate`, `createdBy`, `lastUpdate`, `lastUpdateBy`) VALUES (87, 'Zimbabwe', '2016-06-05 08:02:52', 'Yoshiko', '2019-08-04 14:23:53', 'Darian');
INSERT INTO `country` (`countryId`, `country`, `createDate`, `createdBy`, `lastUpdate`, `lastUpdateBy`) VALUES (88, 'South Africa', '1992-01-07 13:17:45', 'Lulu', '1974-04-28 04:22:55', 'Noemy');
INSERT INTO `country` (`countryId`, `country`, `createDate`, `createdBy`, `lastUpdate`, `lastUpdateBy`) VALUES (89, 'Mali', '1990-10-04 14:15:53', 'Vicky', '2018-12-11 23:03:23', 'Zelma');
INSERT INTO `country` (`countryId`, `country`, `createDate`, `createdBy`, `lastUpdate`, `lastUpdateBy`) VALUES (90, 'Madagascar', '2016-08-27 17:51:23', 'Jeremy', '2005-07-16 03:30:09', 'Jamir');
INSERT INTO `country` (`countryId`, `country`, `createDate`, `createdBy`, `lastUpdate`, `lastUpdateBy`) VALUES (91, 'Lesotho', '1999-05-31 16:41:06', 'Andy', '2004-10-16 16:25:15', 'Mathilde');
INSERT INTO `country` (`countryId`, `country`, `createDate`, `createdBy`, `lastUpdate`, `lastUpdateBy`) VALUES (92, 'Chile', '1976-06-11 05:49:49', 'Felix', '2009-08-14 14:09:03', 'Marlen');
INSERT INTO `country` (`countryId`, `country`, `createDate`, `createdBy`, `lastUpdate`, `lastUpdateBy`) VALUES (93, 'Bermuda', '2001-07-11 15:42:39', 'Mikayla', '2016-04-25 08:41:50', 'Verda');
INSERT INTO `country` (`countryId`, `country`, `createDate`, `createdBy`, `lastUpdate`, `lastUpdateBy`) VALUES (94, 'Faroe Islands', '2018-10-18 19:19:12', 'Brooks', '2012-09-29 18:54:51', 'Shawna');
INSERT INTO `country` (`countryId`, `country`, `createDate`, `createdBy`, `lastUpdate`, `lastUpdateBy`) VALUES (95, 'Cape Verde', '2006-04-05 22:53:57', 'Robert', '2015-06-01 16:01:17', 'Briana');
INSERT INTO `country` (`countryId`, `country`, `createDate`, `createdBy`, `lastUpdate`, `lastUpdateBy`) VALUES (96, 'Dominica', '2014-02-22 02:35:34', 'Jamaal', '2013-01-26 21:30:10', 'Kenna');
INSERT INTO `country` (`countryId`, `country`, `createDate`, `createdBy`, `lastUpdate`, `lastUpdateBy`) VALUES (97, 'Turkey', '1986-10-17 07:58:53', 'Lesley', '2008-06-15 21:10:32', 'Forest');
INSERT INTO `country` (`countryId`, `country`, `createDate`, `createdBy`, `lastUpdate`, `lastUpdateBy`) VALUES (98, 'Djibouti', '2018-05-19 05:03:49', 'Troy', '2009-01-16 23:25:24', 'Albert');
INSERT INTO `country` (`countryId`, `country`, `createDate`, `createdBy`, `lastUpdate`, `lastUpdateBy`) VALUES (99, 'Austria', '2016-07-28 23:53:17', 'Palma', '1983-09-09 18:27:09', 'Nayeli');
INSERT INTO `country` (`countryId`, `country`, `createDate`, `createdBy`, `lastUpdate`, `lastUpdateBy`) VALUES (100, 'San Marino', '2019-04-22 19:09:03', 'Josie', '1985-08-31 00:53:59', 'Axel');
INSERT INTO `country` (`countryId`, `country`, `createDate`, `createdBy`, `lastUpdate`, `lastUpdateBy`) VALUES (101, 'Ecuador', '1980-09-11 02:21:17', 'Armando', '1984-08-03 09:25:28', 'Lowell');

INSERT INTO `city` (`cityId`, `city`, `countryId`, `createDate`, `createdBy`, `lastUpdate`, `lastUpdateBy`) VALUES (1, 'Port Filomenaberg', 60, '1993-11-08 15:33:53', 'Odie', '1981-03-03 00:37:10', 'Mrs. Phyllis Rowe MD');
INSERT INTO `city` (`cityId`, `city`, `countryId`, `createDate`, `createdBy`, `lastUpdate`, `lastUpdateBy`) VALUES (2, 'Rathside', 91, '2007-02-05 10:13:58', 'Aditya', '1974-08-07 22:11:43', 'Kenton Balistreri');
INSERT INTO `city` (`cityId`, `city`, `countryId`, `createDate`, `createdBy`, `lastUpdate`, `lastUpdateBy`) VALUES (3, 'South Markusstad', 95, '2002-11-08 03:18:54', 'Bernhard', '1980-03-18 03:05:51', 'Holly Koss');
INSERT INTO `city` (`cityId`, `city`, `countryId`, `createDate`, `createdBy`, `lastUpdate`, `lastUpdateBy`) VALUES (4, 'New Estel', 65, '1986-09-21 14:00:44', 'Emely', '1999-07-08 09:46:01', 'Mr. Robin Roberts');
INSERT INTO `city` (`cityId`, `city`, `countryId`, `createDate`, `createdBy`, `lastUpdate`, `lastUpdateBy`) VALUES (5, 'North Agustina', 47, '2010-11-02 11:22:22', 'Brendan', '1984-07-04 23:13:50', 'Jalyn Sanford');
INSERT INTO `city` (`cityId`, `city`, `countryId`, `createDate`, `createdBy`, `lastUpdate`, `lastUpdateBy`) VALUES (6, 'North Dustinstad', 68, '1993-12-14 22:05:29', 'Prudence', '1978-02-01 19:09:47', 'Miss Corine Kuhic DDS');
INSERT INTO `city` (`cityId`, `city`, `countryId`, `createDate`, `createdBy`, `lastUpdate`, `lastUpdateBy`) VALUES (7, 'New Jaleelview', 1, '1979-06-18 03:53:56', 'Marvin', '1990-11-23 15:30:36', 'Tad Kautzer');
INSERT INTO `city` (`cityId`, `city`, `countryId`, `createDate`, `createdBy`, `lastUpdate`, `lastUpdateBy`) VALUES (8, 'Anibalton', 89, '2011-02-16 17:56:17', 'Ottis', '1988-03-03 22:49:21', 'Jasmin Leuschke');
INSERT INTO `city` (`cityId`, `city`, `countryId`, `createDate`, `createdBy`, `lastUpdate`, `lastUpdateBy`) VALUES (9, 'Makaylaberg', 9, '2018-04-28 04:10:00', 'Brenna', '1979-04-29 12:15:10', 'Doyle Metz');
INSERT INTO `city` (`cityId`, `city`, `countryId`, `createDate`, `createdBy`, `lastUpdate`, `lastUpdateBy`) VALUES (10, 'Donnellymouth', 93, '1994-11-21 17:46:56', 'Mac', '2006-06-08 07:14:39', 'Elmore Stehr I');
INSERT INTO `city` (`cityId`, `city`, `countryId`, `createDate`, `createdBy`, `lastUpdate`, `lastUpdateBy`) VALUES (11, 'Kennyland', 74, '1977-05-19 21:54:56', 'Michael', '1979-11-13 17:23:38', 'Idella Champlin DVM');
INSERT INTO `city` (`cityId`, `city`, `countryId`, `createDate`, `createdBy`, `lastUpdate`, `lastUpdateBy`) VALUES (12, 'Lake Hayleefurt', 41, '1994-01-27 08:44:41', 'Leonor', '1973-08-21 17:01:21', 'Shad Jacobi');
INSERT INTO `city` (`cityId`, `city`, `countryId`, `createDate`, `createdBy`, `lastUpdate`, `lastUpdateBy`) VALUES (13, 'Gloverfort', 11, '1994-02-11 19:09:19', 'Janis', '1992-02-12 19:31:08', 'Juliana Hilll');
INSERT INTO `city` (`cityId`, `city`, `countryId`, `createDate`, `createdBy`, `lastUpdate`, `lastUpdateBy`) VALUES (14, 'Jacklynland', 69, '1991-02-18 08:00:33', 'Antonia', '1978-03-15 23:18:31', 'Gwendolyn Boyer');
INSERT INTO `city` (`cityId`, `city`, `countryId`, `createDate`, `createdBy`, `lastUpdate`, `lastUpdateBy`) VALUES (15, 'South Brycetown', 63, '2006-10-22 04:49:25', 'Michale', '2017-04-01 10:04:37', 'Zelma Krajcik');
INSERT INTO `city` (`cityId`, `city`, `countryId`, `createDate`, `createdBy`, `lastUpdate`, `lastUpdateBy`) VALUES (16, 'North Nikita', 37, '2019-02-05 08:48:41', 'Carter', '1987-10-21 21:15:35', 'Casimer Jones');
INSERT INTO `city` (`cityId`, `city`, `countryId`, `createDate`, `createdBy`, `lastUpdate`, `lastUpdateBy`) VALUES (17, 'Richardside', 61, '1972-02-24 05:06:00', 'Sydni', '1981-08-25 09:37:59', 'Ms. Gloria Bailey II');
INSERT INTO `city` (`cityId`, `city`, `countryId`, `createDate`, `createdBy`, `lastUpdate`, `lastUpdateBy`) VALUES (18, 'South Hosea', 15, '1982-06-03 09:09:22', 'Mariam', '1977-12-19 22:57:13', 'Elfrieda Hodkiewicz');
INSERT INTO `city` (`cityId`, `city`, `countryId`, `createDate`, `createdBy`, `lastUpdate`, `lastUpdateBy`) VALUES (19, 'West Vidal', 85, '1976-08-10 14:50:23', 'Sandra', '2011-02-03 23:14:52', 'Llewellyn Gibson');
INSERT INTO `city` (`cityId`, `city`, `countryId`, `createDate`, `createdBy`, `lastUpdate`, `lastUpdateBy`) VALUES (20, 'New Elijah', 56, '1978-11-01 08:12:50', 'Eryn', '2012-04-09 15:44:29', 'Colby Huel');
INSERT INTO `city` (`cityId`, `city`, `countryId`, `createDate`, `createdBy`, `lastUpdate`, `lastUpdateBy`) VALUES (21, 'New Rosendochester', 49, '1999-10-29 14:22:57', 'Monserrate', '1982-11-21 22:25:15', 'Harry Howell');
INSERT INTO `city` (`cityId`, `city`, `countryId`, `createDate`, `createdBy`, `lastUpdate`, `lastUpdateBy`) VALUES (22, 'Wymanborough', 94, '1998-01-24 07:59:04', 'Fletcher', '2008-08-16 09:21:36', 'Luigi Lueilwitz');
INSERT INTO `city` (`cityId`, `city`, `countryId`, `createDate`, `createdBy`, `lastUpdate`, `lastUpdateBy`) VALUES (23, 'East Brennon', 80, '1976-06-19 19:43:07', 'Alicia', '1980-07-27 08:11:27', 'Kaleb Skiles');
INSERT INTO `city` (`cityId`, `city`, `countryId`, `createDate`, `createdBy`, `lastUpdate`, `lastUpdateBy`) VALUES (24, 'Jacobsport', 30, '2014-03-24 22:33:05', 'Oswald', '1977-11-23 07:07:22', 'Evie Fisher');
INSERT INTO `city` (`cityId`, `city`, `countryId`, `createDate`, `createdBy`, `lastUpdate`, `lastUpdateBy`) VALUES (25, 'Port Trevermouth', 22, '2009-04-27 03:51:12', 'Travis', '1989-08-02 22:06:29', 'Mikel Goldner');
INSERT INTO `city` (`cityId`, `city`, `countryId`, `createDate`, `createdBy`, `lastUpdate`, `lastUpdateBy`) VALUES (26, 'North Gradyport', 72, '1981-05-19 17:58:19', 'Davon', '1971-06-18 19:41:14', 'Ransom Metz');
INSERT INTO `city` (`cityId`, `city`, `countryId`, `createDate`, `createdBy`, `lastUpdate`, `lastUpdateBy`) VALUES (27, 'Hoegerburgh', 84, '1999-05-02 04:36:03', 'Santa', '1985-01-26 17:50:55', 'Rick Lang');
INSERT INTO `city` (`cityId`, `city`, `countryId`, `createDate`, `createdBy`, `lastUpdate`, `lastUpdateBy`) VALUES (28, 'Littelstad', 14, '2006-06-07 20:22:52', 'Kareem', '1974-05-08 10:04:10', 'Mr. Deondre Walker III');
INSERT INTO `city` (`cityId`, `city`, `countryId`, `createDate`, `createdBy`, `lastUpdate`, `lastUpdateBy`) VALUES (29, 'Jensenmouth', 97, '1972-06-05 11:39:18', 'Maddison', '1992-12-22 04:50:57', 'Ms. Shayna Wiza');
INSERT INTO `city` (`cityId`, `city`, `countryId`, `createDate`, `createdBy`, `lastUpdate`, `lastUpdateBy`) VALUES (30, 'Fritzshire', 58, '2018-09-04 04:57:52', 'Liza', '2003-02-14 22:28:47', 'Audie Ryan');
INSERT INTO `city` (`cityId`, `city`, `countryId`, `createDate`, `createdBy`, `lastUpdate`, `lastUpdateBy`) VALUES (31, 'New Salmaside', 46, '1996-12-17 04:09:50', 'Leanne', '1972-04-01 23:28:38', 'Dr. Ressie Blanda Jr.');
INSERT INTO `city` (`cityId`, `city`, `countryId`, `createDate`, `createdBy`, `lastUpdate`, `lastUpdateBy`) VALUES (32, 'Welchview', 88, '2018-03-14 02:37:00', 'Taylor', '2001-04-26 16:44:41', 'Elenor Keebler Jr.');
INSERT INTO `city` (`cityId`, `city`, `countryId`, `createDate`, `createdBy`, `lastUpdate`, `lastUpdateBy`) VALUES (33, 'Lindgrenmouth', 87, '2009-12-31 14:06:43', 'Jordane', '2017-08-17 06:23:21', 'Dr. Zion Mante');
INSERT INTO `city` (`cityId`, `city`, `countryId`, `createDate`, `createdBy`, `lastUpdate`, `lastUpdateBy`) VALUES (34, 'Fritschview', 5, '1987-11-06 16:18:25', 'Maxwell', '1995-11-18 11:27:32', 'Mrs. Meghan Johnston');
INSERT INTO `city` (`cityId`, `city`, `countryId`, `createDate`, `createdBy`, `lastUpdate`, `lastUpdateBy`) VALUES (35, 'South Karli', 57, '2009-08-15 04:38:57', 'Keira', '2017-01-10 22:20:54', 'Keaton Little');
INSERT INTO `city` (`cityId`, `city`, `countryId`, `createDate`, `createdBy`, `lastUpdate`, `lastUpdateBy`) VALUES (36, 'New Jackson', 54, '2000-06-17 17:25:34', 'Haley', '1989-02-20 15:29:54', 'Rex Murray');
INSERT INTO `city` (`cityId`, `city`, `countryId`, `createDate`, `createdBy`, `lastUpdate`, `lastUpdateBy`) VALUES (37, 'Declanfurt', 48, '2005-10-25 22:22:46', 'Janice', '2008-07-02 08:45:07', 'Clara Rempel MD');
INSERT INTO `city` (`cityId`, `city`, `countryId`, `createDate`, `createdBy`, `lastUpdate`, `lastUpdateBy`) VALUES (38, 'East Odessaburgh', 92, '1993-01-27 19:09:09', 'Benton', '1996-12-20 01:50:50', 'Prof. Randal Kessler');
INSERT INTO `city` (`cityId`, `city`, `countryId`, `createDate`, `createdBy`, `lastUpdate`, `lastUpdateBy`) VALUES (39, 'Robelhaven', 100, '1979-11-12 19:52:26', 'Grayson', '1973-03-29 20:45:47', 'Desmond Graham');
INSERT INTO `city` (`cityId`, `city`, `countryId`, `createDate`, `createdBy`, `lastUpdate`, `lastUpdateBy`) VALUES (40, 'Port Jewell', 38, '1974-06-25 06:58:49', 'Marina', '1978-02-23 03:59:13', 'Joanny Vandervort');
INSERT INTO `city` (`cityId`, `city`, `countryId`, `createDate`, `createdBy`, `lastUpdate`, `lastUpdateBy`) VALUES (41, 'West Bennieton', 77, '2010-12-04 12:51:18', 'Berry', '2015-11-28 06:56:09', 'Haylie Morar');
INSERT INTO `city` (`cityId`, `city`, `countryId`, `createDate`, `createdBy`, `lastUpdate`, `lastUpdateBy`) VALUES (42, 'Paucekport', 26, '1982-04-07 07:39:15', 'Royce', '2007-06-09 20:57:08', 'Prof. Jocelyn Homenick');
INSERT INTO `city` (`cityId`, `city`, `countryId`, `createDate`, `createdBy`, `lastUpdate`, `lastUpdateBy`) VALUES (43, 'West Tinafort', 45, '1992-08-07 21:20:56', 'Tabitha', '1993-07-01 16:15:04', 'Dr. Faustino Gerlach');
INSERT INTO `city` (`cityId`, `city`, `countryId`, `createDate`, `createdBy`, `lastUpdate`, `lastUpdateBy`) VALUES (44, 'South Harley', 8, '1973-12-10 15:52:38', 'Dulce', '1972-12-29 20:12:38', 'Mrs. Valerie Renner');
INSERT INTO `city` (`cityId`, `city`, `countryId`, `createDate`, `createdBy`, `lastUpdate`, `lastUpdateBy`) VALUES (45, 'Port Timmyview', 73, '1971-04-05 02:24:50', 'Dewayne', '2007-08-26 18:27:15', 'Cullen Botsford Sr.');
INSERT INTO `city` (`cityId`, `city`, `countryId`, `createDate`, `createdBy`, `lastUpdate`, `lastUpdateBy`) VALUES (46, 'O\'Connellmouth', 24, '1990-11-30 01:50:12', 'Ephraim', '2002-05-29 23:51:32', 'Chester Wiza');
INSERT INTO `city` (`cityId`, `city`, `countryId`, `createDate`, `createdBy`, `lastUpdate`, `lastUpdateBy`) VALUES (47, 'Katrinemouth', 40, '1973-05-31 12:14:53', 'Kurtis', '1970-01-08 08:43:13', 'Sandra Bergnaum');
INSERT INTO `city` (`cityId`, `city`, `countryId`, `createDate`, `createdBy`, `lastUpdate`, `lastUpdateBy`) VALUES (48, 'Wunschmouth', 10, '1985-10-14 13:42:42', 'Rachelle', '1986-07-03 23:11:05', 'Creola Fritsch');
INSERT INTO `city` (`cityId`, `city`, `countryId`, `createDate`, `createdBy`, `lastUpdate`, `lastUpdateBy`) VALUES (49, 'Kemmerhaven', 3, '1980-02-29 00:48:12', 'Dock', '1971-04-12 13:39:15', 'Brielle Beer');
INSERT INTO `city` (`cityId`, `city`, `countryId`, `createDate`, `createdBy`, `lastUpdate`, `lastUpdateBy`) VALUES (50, 'South Marisol', 6, '1972-02-12 12:40:26', 'Bianka', '1991-02-26 11:10:04', 'Samson Stiedemann');
INSERT INTO `city` (`cityId`, `city`, `countryId`, `createDate`, `createdBy`, `lastUpdate`, `lastUpdateBy`) VALUES (51, 'North Tara', 52, '1999-03-22 21:58:53', 'Hertha', '1975-08-07 14:55:14', 'Dereck Johnston');
INSERT INTO `city` (`cityId`, `city`, `countryId`, `createDate`, `createdBy`, `lastUpdate`, `lastUpdateBy`) VALUES (52, 'Cartwrightstad', 18, '2007-01-02 01:17:40', 'Liza', '2015-02-21 11:27:07', 'Mr. Clemens Feil');
INSERT INTO `city` (`cityId`, `city`, `countryId`, `createDate`, `createdBy`, `lastUpdate`, `lastUpdateBy`) VALUES (53, 'Alanabury', 4, '2006-06-08 08:06:11', 'Brain', '2004-07-29 09:37:10', 'Irma O\'Kon');
INSERT INTO `city` (`cityId`, `city`, `countryId`, `createDate`, `createdBy`, `lastUpdate`, `lastUpdateBy`) VALUES (54, 'Anaisbury', 43, '1982-02-15 06:38:55', 'Carley', '1985-03-14 00:29:05', 'Delpha McKenzie');
INSERT INTO `city` (`cityId`, `city`, `countryId`, `createDate`, `createdBy`, `lastUpdate`, `lastUpdateBy`) VALUES (55, 'Norwoodland', 42, '1990-04-27 00:48:40', 'Tiara', '1995-09-18 01:11:04', 'Mr. Elton Kuhlman I');
INSERT INTO `city` (`cityId`, `city`, `countryId`, `createDate`, `createdBy`, `lastUpdate`, `lastUpdateBy`) VALUES (56, 'Arlochester', 71, '2009-09-26 15:29:44', 'Tito', '1970-12-17 13:44:58', 'Prof. Joany Rempel');
INSERT INTO `city` (`cityId`, `city`, `countryId`, `createDate`, `createdBy`, `lastUpdate`, `lastUpdateBy`) VALUES (57, 'Lilaville', 27, '2015-05-27 08:16:00', 'Clemmie', '2013-10-12 19:10:56', 'Jerod Koelpin');
INSERT INTO `city` (`cityId`, `city`, `countryId`, `createDate`, `createdBy`, `lastUpdate`, `lastUpdateBy`) VALUES (58, 'West Kendrickfurt', 44, '1996-03-01 05:53:12', 'Robin', '1987-07-24 16:57:37', 'Ole Hills');
INSERT INTO `city` (`cityId`, `city`, `countryId`, `createDate`, `createdBy`, `lastUpdate`, `lastUpdateBy`) VALUES (59, 'North Jalen', 2, '1984-09-25 11:27:13', 'Monica', '1973-11-20 00:55:55', 'Dr. Murl Jast');
INSERT INTO `city` (`cityId`, `city`, `countryId`, `createDate`, `createdBy`, `lastUpdate`, `lastUpdateBy`) VALUES (60, 'New Jedediah', 96, '2008-06-17 16:25:13', 'Stephan', '1971-03-22 09:51:37', 'Prof. Braulio Will Jr.');
INSERT INTO `city` (`cityId`, `city`, `countryId`, `createDate`, `createdBy`, `lastUpdate`, `lastUpdateBy`) VALUES (61, 'Wintheiserview', 75, '2000-01-29 23:24:57', 'Emerald', '2015-02-01 04:05:20', 'Terence Hilpert Sr.');
INSERT INTO `city` (`cityId`, `city`, `countryId`, `createDate`, `createdBy`, `lastUpdate`, `lastUpdateBy`) VALUES (62, 'Alexisstad', 28, '1979-12-26 11:48:51', 'Ashly', '2015-02-22 22:30:30', 'Prof. Trevor Abshire');
INSERT INTO `city` (`cityId`, `city`, `countryId`, `createDate`, `createdBy`, `lastUpdate`, `lastUpdateBy`) VALUES (63, 'Port Cathrine', 86, '2016-06-30 04:05:49', 'Rahsaan', '2010-10-26 14:07:48', 'Bennett Schaefer I');
INSERT INTO `city` (`cityId`, `city`, `countryId`, `createDate`, `createdBy`, `lastUpdate`, `lastUpdateBy`) VALUES (64, 'Dibbertburgh', 82, '2005-07-03 05:45:56', 'Mozell', '2016-03-06 00:11:32', 'Marisa Larkin');
INSERT INTO `city` (`cityId`, `city`, `countryId`, `createDate`, `createdBy`, `lastUpdate`, `lastUpdateBy`) VALUES (65, 'Nashstad', 62, '1976-09-13 06:14:53', 'Fiona', '1993-10-10 14:51:46', 'Mrs. Savanah Towne');
INSERT INTO `city` (`cityId`, `city`, `countryId`, `createDate`, `createdBy`, `lastUpdate`, `lastUpdateBy`) VALUES (66, 'Port Tatumton', 79, '2009-09-17 23:52:42', 'Alena', '1991-10-05 12:55:17', 'Krystina Macejkovic');
INSERT INTO `city` (`cityId`, `city`, `countryId`, `createDate`, `createdBy`, `lastUpdate`, `lastUpdateBy`) VALUES (67, 'Port Angelinabury', 78, '2003-03-11 09:04:09', 'Mabelle', '1997-06-06 22:00:32', 'Dr. Charlie Schuster');
INSERT INTO `city` (`cityId`, `city`, `countryId`, `createDate`, `createdBy`, `lastUpdate`, `lastUpdateBy`) VALUES (68, 'Johnathanfort', 66, '1971-09-18 16:43:08', 'Imani', '1998-09-03 20:25:34', 'Dr. Landen Hansen');
INSERT INTO `city` (`cityId`, `city`, `countryId`, `createDate`, `createdBy`, `lastUpdate`, `lastUpdateBy`) VALUES (69, 'Lake Maynard', 53, '2016-04-10 12:41:36', 'Winfield', '1971-04-12 20:30:49', 'Renee Keeling');
INSERT INTO `city` (`cityId`, `city`, `countryId`, `createDate`, `createdBy`, `lastUpdate`, `lastUpdateBy`) VALUES (70, 'West Lance', 76, '2012-08-25 05:50:57', 'Abdullah', '1992-05-25 02:02:11', 'Miss Ines Frami MD');
INSERT INTO `city` (`cityId`, `city`, `countryId`, `createDate`, `createdBy`, `lastUpdate`, `lastUpdateBy`) VALUES (71, 'Alvinahaven', 33, '2005-01-04 00:21:57', 'Toni', '2000-12-04 06:35:44', 'Mr. Cameron Hettinger II');
INSERT INTO `city` (`cityId`, `city`, `countryId`, `createDate`, `createdBy`, `lastUpdate`, `lastUpdateBy`) VALUES (72, 'North Elenorfurt', 35, '2004-07-29 01:22:13', 'Heaven', '1998-11-25 19:04:01', 'Maxine Little');
INSERT INTO `city` (`cityId`, `city`, `countryId`, `createDate`, `createdBy`, `lastUpdate`, `lastUpdateBy`) VALUES (73, 'Nicolestad', 98, '2004-10-21 19:32:07', 'Roger', '2018-12-28 19:12:26', 'Sean Schulist');
INSERT INTO `city` (`cityId`, `city`, `countryId`, `createDate`, `createdBy`, `lastUpdate`, `lastUpdateBy`) VALUES (74, 'South Zorashire', 16, '1997-11-14 06:31:15', 'Adelia', '2009-05-06 10:49:13', 'Alisha Bode');
INSERT INTO `city` (`cityId`, `city`, `countryId`, `createDate`, `createdBy`, `lastUpdate`, `lastUpdateBy`) VALUES (75, 'Wunschshire', 90, '1999-05-10 22:17:39', 'Nicklaus', '1988-05-28 16:22:17', 'Brenda Bernhard');
INSERT INTO `city` (`cityId`, `city`, `countryId`, `createDate`, `createdBy`, `lastUpdate`, `lastUpdateBy`) VALUES (76, 'Andresland', 51, '1982-05-15 12:55:28', 'Coy', '2010-12-11 23:01:42', 'Prof. Kamille Brakus');
INSERT INTO `city` (`cityId`, `city`, `countryId`, `createDate`, `createdBy`, `lastUpdate`, `lastUpdateBy`) VALUES (77, 'Annieside', 83, '1979-11-01 04:49:52', 'Annabelle', '1991-01-18 01:07:50', 'Jaida Wiegand MD');
INSERT INTO `city` (`cityId`, `city`, `countryId`, `createDate`, `createdBy`, `lastUpdate`, `lastUpdateBy`) VALUES (78, 'East Bridget', 81, '1994-03-20 14:30:42', 'Lane', '1982-12-05 19:23:38', 'Mrs. Madalyn Pagac Jr.');
INSERT INTO `city` (`cityId`, `city`, `countryId`, `createDate`, `createdBy`, `lastUpdate`, `lastUpdateBy`) VALUES (79, 'West Shea', 67, '1997-04-29 19:40:52', 'Riley', '1976-03-08 09:06:25', 'Sabrina Pfeffer');
INSERT INTO `city` (`cityId`, `city`, `countryId`, `createDate`, `createdBy`, `lastUpdate`, `lastUpdateBy`) VALUES (80, 'D\'Amoreton', 12, '2017-01-22 06:13:23', 'Amina', '1978-04-01 13:02:52', 'Madalyn Stehr');
INSERT INTO `city` (`cityId`, `city`, `countryId`, `createDate`, `createdBy`, `lastUpdate`, `lastUpdateBy`) VALUES (81, 'Jimmyville', 19, '1987-02-24 14:01:03', 'Jazmin', '2010-07-12 13:07:29', 'Brianne Olson I');
INSERT INTO `city` (`cityId`, `city`, `countryId`, `createDate`, `createdBy`, `lastUpdate`, `lastUpdateBy`) VALUES (82, 'Hayesville', 21, '1993-06-20 02:41:31', 'Shany', '1992-12-22 19:51:14', 'Miss Delta Hagenes Sr.');
INSERT INTO `city` (`cityId`, `city`, `countryId`, `createDate`, `createdBy`, `lastUpdate`, `lastUpdateBy`) VALUES (83, 'West Emmybury', 25, '1972-08-25 11:53:25', 'Karlie', '2011-10-25 22:02:37', 'Dr. Isai Cruickshank PhD');
INSERT INTO `city` (`cityId`, `city`, `countryId`, `createDate`, `createdBy`, `lastUpdate`, `lastUpdateBy`) VALUES (84, 'Lake Lukasstad', 34, '1990-08-23 00:01:41', 'Hoyt', '2007-11-06 20:41:12', 'Dr. Federico Roberts DVM');
INSERT INTO `city` (`cityId`, `city`, `countryId`, `createDate`, `createdBy`, `lastUpdate`, `lastUpdateBy`) VALUES (85, 'Kemmerside', 17, '2009-06-04 09:59:39', 'Jamil', '2015-04-11 05:03:28', 'Dr. Hailie Lockman');
INSERT INTO `city` (`cityId`, `city`, `countryId`, `createDate`, `createdBy`, `lastUpdate`, `lastUpdateBy`) VALUES (86, 'Tremblayfurt', 23, '1996-02-21 03:36:08', 'Chaya', '2017-06-24 05:30:42', 'Prof. Dillon Olson');
INSERT INTO `city` (`cityId`, `city`, `countryId`, `createDate`, `createdBy`, `lastUpdate`, `lastUpdateBy`) VALUES (87, 'North Zitastad', 50, '2009-01-03 20:55:58', 'Aileen', '1988-04-07 21:50:38', 'Miss Juanita Johnson');
INSERT INTO `city` (`cityId`, `city`, `countryId`, `createDate`, `createdBy`, `lastUpdate`, `lastUpdateBy`) VALUES (88, 'Kreigermouth', 7, '1991-02-07 15:37:26', 'Moises', '2006-08-22 09:38:33', 'Garland Mayer');
INSERT INTO `city` (`cityId`, `city`, `countryId`, `createDate`, `createdBy`, `lastUpdate`, `lastUpdateBy`) VALUES (89, 'North Deja', 29, '2001-06-19 16:53:54', 'Maureen', '1981-06-16 13:36:43', 'Dr. Toby Sawayn');
INSERT INTO `city` (`cityId`, `city`, `countryId`, `createDate`, `createdBy`, `lastUpdate`, `lastUpdateBy`) VALUES (90, 'South Carroll', 70, '1993-07-28 19:34:37', 'Brooks', '2008-06-14 12:07:04', 'Maryse Kozey');
INSERT INTO `city` (`cityId`, `city`, `countryId`, `createDate`, `createdBy`, `lastUpdate`, `lastUpdateBy`) VALUES (92, 'South Coreneton', 64, '1988-08-27 09:12:14', 'Tianna', '1998-10-25 23:05:51', 'Mr. Guy Haley');
INSERT INTO `city` (`cityId`, `city`, `countryId`, `createDate`, `createdBy`, `lastUpdate`, `lastUpdateBy`) VALUES (93, 'Lake Dariana', 55, '2005-05-25 18:31:46', 'Chester', '1973-01-09 06:29:45', 'Maverick Willms');
INSERT INTO `city` (`cityId`, `city`, `countryId`, `createDate`, `createdBy`, `lastUpdate`, `lastUpdateBy`) VALUES (94, 'New Grayce', 39, '1972-05-22 02:21:50', 'Lois', '1995-10-30 03:09:08', 'Mrs. Dessie Daniel I');
INSERT INTO `city` (`cityId`, `city`, `countryId`, `createDate`, `createdBy`, `lastUpdate`, `lastUpdateBy`) VALUES (95, 'Lake Dennis', 20, '2001-02-28 07:00:30', 'Bennett', '1975-12-19 03:00:48', 'Mose Boyer Sr.');
INSERT INTO `city` (`cityId`, `city`, `countryId`, `createDate`, `createdBy`, `lastUpdate`, `lastUpdateBy`) VALUES (96, 'Lolastad', 32, '1986-06-27 08:20:14', 'Joe', '2017-04-07 22:07:55', 'Miss Amira Keebler V');
INSERT INTO `city` (`cityId`, `city`, `countryId`, `createDate`, `createdBy`, `lastUpdate`, `lastUpdateBy`) VALUES (97, 'East Robert', 101, '2015-02-04 12:34:46', 'Brooke', '1985-09-16 13:07:14', 'Dr. Maurine Lowe MD');
INSERT INTO `city` (`cityId`, `city`, `countryId`, `createDate`, `createdBy`, `lastUpdate`, `lastUpdateBy`) VALUES (98, 'South Jesus', 13, '2013-06-24 12:57:21', 'Greg', '2012-05-17 18:32:42', 'Terrill Purdy');
INSERT INTO `city` (`cityId`, `city`, `countryId`, `createDate`, `createdBy`, `lastUpdate`, `lastUpdateBy`) VALUES (99, 'Camylleview', 99, '1975-04-13 14:59:02', 'Isabel', '2018-02-17 16:46:35', 'Jaylan Boyle');
INSERT INTO `city` (`cityId`, `city`, `countryId`, `createDate`, `createdBy`, `lastUpdate`, `lastUpdateBy`) VALUES (100, 'Krismouth', 36, '1979-10-27 15:56:11', 'Uriah', '2018-05-20 18:21:43', 'Dexter Medhurst Jr.');
INSERT INTO `city` (`cityId`, `city`, `countryId`, `createDate`, `createdBy`, `lastUpdate`, `lastUpdateBy`) VALUES (101, 'Paigetown', 31, '1987-12-26 03:47:23', 'Cassandra', '1978-07-23 18:47:31', 'Myriam Gaylord');

INSERT INTO `address` (`addressId`, `address`, `address2`, `cityId`, `postalCode`, `phone`, `createDate`, `createdBy`, `lastUpdate`, `lastUpdateBy`) VALUES (1, '92744 Boyle Tunnel North Name, NM 51164', 'Suite 249', 57, 'osvq', '1-637-539-1733x4775', '1987-08-06 13:17:27', 'Kristina', '1998-12-31 15:58:54', 'Barry');
INSERT INTO `address` (`addressId`, `address`, `address2`, `cityId`, `postalCode`, `phone`, `createDate`, `createdBy`, `lastUpdate`, `lastUpdateBy`) VALUES (2, '51909 Jamal Heights Helenaland, DC 49581-7800', 'Suite 151', 62, 'ukou', '863.641.1959x955', '1975-06-09 09:15:23', 'Kenyatta', '1990-08-18 20:34:43', 'Antwon');
INSERT INTO `address` (`addressId`, `address`, `address2`, `cityId`, `postalCode`, `phone`, `createDate`, `createdBy`, `lastUpdate`, `lastUpdateBy`) VALUES (3, '56131 Vernice River Padbergmouth, RI 60508-3645', 'Suite 613', 100, 'guag', '547-198-9520', '1979-10-17 05:54:54', 'Chaim', '1978-02-06 09:09:10', 'Abbie');
INSERT INTO `address` (`addressId`, `address`, `address2`, `cityId`, `postalCode`, `phone`, `createDate`, `createdBy`, `lastUpdate`, `lastUpdateBy`) VALUES (4, '416 Jany Fields Lake Angelita, NY 45715', 'Apt. 868', 40, 'obki', '(237)419-6458', '2018-02-07 04:25:50', 'Cydney', '1970-01-30 09:58:24', 'Jevon');
INSERT INTO `address` (`addressId`, `address`, `address2`, `cityId`, `postalCode`, `phone`, `createDate`, `createdBy`, `lastUpdate`, `lastUpdateBy`) VALUES (5, '572 Leuschke Tunnel Stellabury, AR 94456-7000', 'Apt. 278', 15, 'cdcu', '(637)954-7235x29638', '2000-11-07 02:42:01', 'Jana', '1987-12-10 22:59:38', 'Erwin');
INSERT INTO `address` (`addressId`, `address`, `address2`, `cityId`, `postalCode`, `phone`, `createDate`, `createdBy`, `lastUpdate`, `lastUpdateBy`) VALUES (6, '34507 Ezekiel Stream Suite 628 North Marlin, AK 09', 'Suite 516', 1, 'sgly', '565.706.8892x248', '2013-05-04 12:12:47', 'Christy', '2011-09-09 04:26:43', 'Emilio');
INSERT INTO `address` (`addressId`, `address`, `address2`, `cityId`, `postalCode`, `phone`, `createDate`, `createdBy`, `lastUpdate`, `lastUpdateBy`) VALUES (7, '8726 Kozey Walks Fredastad, OK 79736', 'Apt. 631', 41, 'zovg', '229-465-3012x6679', '1998-10-10 01:00:57', 'Oral', '1973-06-29 20:42:13', 'Claire');
INSERT INTO `address` (`addressId`, `address`, `address2`, `cityId`, `postalCode`, `phone`, `createDate`, `createdBy`, `lastUpdate`, `lastUpdateBy`) VALUES (8, '4677 Rippin Island Suite 337 Lake Davion, NJ 07628', 'Apt. 498', 39, 'nvlz', '911.364.5502x922', '1990-12-29 08:38:19', 'Lauriane', '1994-11-25 14:54:17', 'Marina');
INSERT INTO `address` (`addressId`, `address`, `address2`, `cityId`, `postalCode`, `phone`, `createDate`, `createdBy`, `lastUpdate`, `lastUpdateBy`) VALUES (9, '7574 Edwin Shoals Lake Meta, CT 40117', 'Suite 228', 54, 'umga', '+27(3)6750113973', '1970-07-02 08:27:07', 'Lily', '2019-02-05 23:12:48', 'Brent');
INSERT INTO `address` (`addressId`, `address`, `address2`, `cityId`, `postalCode`, `phone`, `createDate`, `createdBy`, `lastUpdate`, `lastUpdateBy`) VALUES (10, '0733 Finn Orchard Port Aimee, TX 97696-0156', 'Suite 877', 63, 'aoqx', '835.910.4316x253', '2009-10-15 23:19:22', 'Alden', '2001-10-19 05:53:35', 'Andy');
INSERT INTO `address` (`addressId`, `address`, `address2`, `cityId`, `postalCode`, `phone`, `createDate`, `createdBy`, `lastUpdate`, `lastUpdateBy`) VALUES (11, '08292 Mayert Plaza Apt. 490 Lake Dockstad, WV 6979', 'Apt. 720', 2, 'oapg', '856-150-3270x83694', '2010-06-26 19:46:46', 'Tina', '2014-10-03 07:58:23', 'Jannie');
INSERT INTO `address` (`addressId`, `address`, `address2`, `cityId`, `postalCode`, `phone`, `createDate`, `createdBy`, `lastUpdate`, `lastUpdateBy`) VALUES (12, '57984 America Radial Suite 840 Boganfort, WA 39411', 'Suite 740', 61, 'wjwj', '993.430.4866', '1987-07-30 00:45:56', 'Jeremie', '1980-12-11 23:16:34', 'Lora');
INSERT INTO `address` (`addressId`, `address`, `address2`, `cityId`, `postalCode`, `phone`, `createDate`, `createdBy`, `lastUpdate`, `lastUpdateBy`) VALUES (13, '5624 Abby Shore Suite 817 South Trycia, AL 18258-8', 'Apt. 719', 23, 'gqwy', '945.213.1663x20231', '2014-01-01 22:46:36', 'Clara', '1977-01-11 01:07:42', 'Zachery');
INSERT INTO `address` (`addressId`, `address`, `address2`, `cityId`, `postalCode`, `phone`, `createDate`, `createdBy`, `lastUpdate`, `lastUpdateBy`) VALUES (14, '7114 Effertz Prairie North Melba, MI 94898-1717', 'Apt. 287', 76, 'chhl', '358-398-0227x2388', '1993-02-22 17:19:09', 'Xzavier', '1982-02-12 14:00:49', 'Norris');
INSERT INTO `address` (`addressId`, `address`, `address2`, `cityId`, `postalCode`, `phone`, `createDate`, `createdBy`, `lastUpdate`, `lastUpdateBy`) VALUES (15, '1585 Berenice Manors Apt. 976 Londonstad, WY 46279', 'Apt. 879', 68, 'vfhr', '914.458.2973', '2006-01-09 15:57:38', 'Florence', '1984-05-28 06:32:17', 'Annalise');
INSERT INTO `address` (`addressId`, `address`, `address2`, `cityId`, `postalCode`, `phone`, `createDate`, `createdBy`, `lastUpdate`, `lastUpdateBy`) VALUES (16, '1932 Feeney Island South Kieraville, FL 59655-8313', 'Suite 045', 8, 'rmea', '(837)767-3284x71579', '2001-02-05 11:43:42', 'Sally', '2006-01-22 01:21:30', 'Daphnee');
INSERT INTO `address` (`addressId`, `address`, `address2`, `cityId`, `postalCode`, `phone`, `createDate`, `createdBy`, `lastUpdate`, `lastUpdateBy`) VALUES (17, '8460 Geovany Prairie Lake Katarinaborough, AK 2852', 'Apt. 960', 78, 'nxbu', '1-560-631-0854', '2015-09-21 19:47:12', 'Mallory', '1997-07-18 12:45:49', 'Calista');
INSERT INTO `address` (`addressId`, `address`, `address2`, `cityId`, `postalCode`, `phone`, `createDate`, `createdBy`, `lastUpdate`, `lastUpdateBy`) VALUES (18, '1719 Keven Landing Jastfurt, MO 39851-7634', 'Apt. 033', 30, 'dbyg', '(734)309-1451x2640', '1996-01-03 22:26:46', 'Talia', '1986-09-15 12:15:27', 'Lamar');
INSERT INTO `address` (`addressId`, `address`, `address2`, `cityId`, `postalCode`, `phone`, `createDate`, `createdBy`, `lastUpdate`, `lastUpdateBy`) VALUES (19, '18364 Reilly Brooks South Domingo, AL 54952', 'Suite 640', 10, 'ojmi', '629.575.7140x261', '2013-08-25 21:18:29', 'Madilyn', '1990-10-23 13:38:49', 'Ken');
INSERT INTO `address` (`addressId`, `address`, `address2`, `cityId`, `postalCode`, `phone`, `createDate`, `createdBy`, `lastUpdate`, `lastUpdateBy`) VALUES (20, '588 Koby Inlet Apt. 619 East Nia, KY 05663-1165', 'Suite 250', 25, 'mmlu', '(320)674-7060', '1977-10-18 00:59:00', 'Hank', '1995-06-01 23:02:08', 'Josefina');
INSERT INTO `address` (`addressId`, `address`, `address2`, `cityId`, `postalCode`, `phone`, `createDate`, `createdBy`, `lastUpdate`, `lastUpdateBy`) VALUES (21, '4524 Walsh Wall Randyhaven, VA 47192', 'Apt. 613', 48, 'minf', '282-603-9932', '1979-11-15 13:38:38', 'Gerardo', '1970-01-12 03:31:59', 'Lia');
INSERT INTO `address` (`addressId`, `address`, `address2`, `cityId`, `postalCode`, `phone`, `createDate`, `createdBy`, `lastUpdate`, `lastUpdateBy`) VALUES (22, '327 Reynolds Harbors West Desireeshire, WY 48284-8', 'Suite 617', 70, 'efrg', '824.016.1956x9993', '2000-05-27 13:35:59', 'Amelia', '1984-04-27 22:57:15', 'Jailyn');
INSERT INTO `address` (`addressId`, `address`, `address2`, `cityId`, `postalCode`, `phone`, `createDate`, `createdBy`, `lastUpdate`, `lastUpdateBy`) VALUES (23, '434 Zachariah Well Suite 102 New Raquel, AZ 35206', 'Suite 089', 13, 'oiov', '973-959-9413', '1994-05-25 14:41:25', 'Emie', '1977-06-13 14:08:01', 'Alfredo');
INSERT INTO `address` (`addressId`, `address`, `address2`, `cityId`, `postalCode`, `phone`, `createDate`, `createdBy`, `lastUpdate`, `lastUpdateBy`) VALUES (24, '7190 Tyrese Orchard Suite 950 East Samantamouth, N', 'Apt. 117', 95, 'flvh', '1-253-676-1562', '1974-11-12 23:12:56', 'Linwood', '2004-05-25 07:40:04', 'Jody');
INSERT INTO `address` (`addressId`, `address`, `address2`, `cityId`, `postalCode`, `phone`, `createDate`, `createdBy`, `lastUpdate`, `lastUpdateBy`) VALUES (25, '5299 Upton Parkways Suite 044 Kelleyview, WY 25898', 'Suite 598', 11, 'hdeg', '02774548945', '2016-10-28 09:22:13', 'Ryan', '2018-04-10 05:40:36', 'Nettie');
INSERT INTO `address` (`addressId`, `address`, `address2`, `cityId`, `postalCode`, `phone`, `createDate`, `createdBy`, `lastUpdate`, `lastUpdateBy`) VALUES (26, '1867 Kirlin Mountains South Missouri, NC 40845-663', 'Suite 746', 88, 'lftd', '959.719.0185x99632', '1979-02-12 18:05:46', 'Fabiola', '2000-04-06 07:24:08', 'Tyrel');
INSERT INTO `address` (`addressId`, `address`, `address2`, `cityId`, `postalCode`, `phone`, `createDate`, `createdBy`, `lastUpdate`, `lastUpdateBy`) VALUES (27, '6837 Lind Pike Apt. 115 Gustaveview, HI 27895-9969', 'Apt. 302', 55, 'orok', '1-920-088-5204x38023', '1995-08-16 05:28:18', 'Madisyn', '2006-08-05 10:21:50', 'Manuel');
INSERT INTO `address` (`addressId`, `address`, `address2`, `cityId`, `postalCode`, `phone`, `createDate`, `createdBy`, `lastUpdate`, `lastUpdateBy`) VALUES (28, '784 Lesch Stravenue Julianneburgh, ID 31157-8066', 'Suite 535', 99, 'lfqn', '1-705-914-0558x41564', '2016-05-25 19:26:52', 'Jessy', '2001-08-26 02:32:08', 'Marcella');
INSERT INTO `address` (`addressId`, `address`, `address2`, `cityId`, `postalCode`, `phone`, `createDate`, `createdBy`, `lastUpdate`, `lastUpdateBy`) VALUES (29, '09588 Amir Motorway Lolaberg, AZ 16674', 'Apt. 756', 58, 'jzlf', '267-320-5434x39538', '1990-06-06 05:26:21', 'Xzavier', '2003-09-25 05:15:32', 'Alfonzo');
INSERT INTO `address` (`addressId`, `address`, `address2`, `cityId`, `postalCode`, `phone`, `createDate`, `createdBy`, `lastUpdate`, `lastUpdateBy`) VALUES (30, '85372 Alta Lock Apt. 239 South Joeyshire, ME 85675', 'Suite 005', 97, 'zjdi', '1-851-413-1162', '1989-10-31 08:08:09', 'Sabrina', '1999-07-04 10:22:06', 'Jammie');
INSERT INTO `address` (`addressId`, `address`, `address2`, `cityId`, `postalCode`, `phone`, `createDate`, `createdBy`, `lastUpdate`, `lastUpdateBy`) VALUES (31, '4950 Valentine Orchard North Marc, ND 25283-6193', 'Apt. 127', 93, 'osff', '1-655-738-2517', '1989-03-30 20:12:22', 'Lonie', '1983-02-11 14:35:31', 'Ressie');
INSERT INTO `address` (`addressId`, `address`, `address2`, `cityId`, `postalCode`, `phone`, `createDate`, `createdBy`, `lastUpdate`, `lastUpdateBy`) VALUES (32, '056 Cartwright Highway Suite 883 Lake Ludiefort, N', 'Apt. 295', 53, 'gbeu', '093-553-4352x62205', '1993-01-02 23:45:12', 'Tomas', '1987-11-15 12:49:38', 'Alfonso');
INSERT INTO `address` (`addressId`, `address`, `address2`, `cityId`, `postalCode`, `phone`, `createDate`, `createdBy`, `lastUpdate`, `lastUpdateBy`) VALUES (33, '407 Lesly Forest Bahringerfurt, OR 45685', 'Apt. 882', 79, 'bgjr', '(885)377-0748x387', '1980-10-13 11:17:41', 'Dandre', '1978-04-30 12:40:06', 'Clementine');
INSERT INTO `address` (`addressId`, `address`, `address2`, `cityId`, `postalCode`, `phone`, `createDate`, `createdBy`, `lastUpdate`, `lastUpdateBy`) VALUES (34, '3326 Jaskolski Field Shanahanland, MT 23306-2339', 'Suite 113', 4, 'dfaw', '03750180144', '1983-11-04 15:26:30', 'Neva', '1981-08-15 10:34:55', 'Kennith');
INSERT INTO `address` (`addressId`, `address`, `address2`, `cityId`, `postalCode`, `phone`, `createDate`, `createdBy`, `lastUpdate`, `lastUpdateBy`) VALUES (35, '4461 Antoinette Mill Gertrudeville, MD 78237-1745', 'Suite 450', 101, 'ctgm', '1-385-756-6336', '1975-09-01 07:49:08', 'Matilda', '1996-08-28 15:08:48', 'Elinor');
INSERT INTO `address` (`addressId`, `address`, `address2`, `cityId`, `postalCode`, `phone`, `createDate`, `createdBy`, `lastUpdate`, `lastUpdateBy`) VALUES (36, '40882 Rolando Creek Madisonmouth, KY 95617-3241', 'Suite 719', 17, 'wvcz', '(699)170-4460', '1978-04-19 17:52:29', 'Magdalen', '1999-11-28 23:48:37', 'Rosalee');
INSERT INTO `address` (`addressId`, `address`, `address2`, `cityId`, `postalCode`, `phone`, `createDate`, `createdBy`, `lastUpdate`, `lastUpdateBy`) VALUES (37, '91554 Greenholt Land South Mae, CA 46030', 'Suite 629', 89, 'ruuv', '452.585.8833x346', '1982-01-13 13:42:16', 'Ozella', '1995-09-12 08:40:02', 'Name');
INSERT INTO `address` (`addressId`, `address`, `address2`, `cityId`, `postalCode`, `phone`, `createDate`, `createdBy`, `lastUpdate`, `lastUpdateBy`) VALUES (38, '415 Orlando Land Caleighport, OH 37754-1289', 'Suite 539', 50, 'yvxk', '665.136.0708x0521', '1972-05-20 15:01:11', 'Diana', '1986-01-02 07:12:43', 'Branson');
INSERT INTO `address` (`addressId`, `address`, `address2`, `cityId`, `postalCode`, `phone`, `createDate`, `createdBy`, `lastUpdate`, `lastUpdateBy`) VALUES (39, '44674 Vidal River Suite 459 New Kamille, OH 46934-', 'Apt. 400', 49, 'aduu', '(986)761-8331', '2014-04-12 15:08:00', 'Beaulah', '1975-04-05 19:07:28', 'Lillie');
INSERT INTO `address` (`addressId`, `address`, `address2`, `cityId`, `postalCode`, `phone`, `createDate`, `createdBy`, `lastUpdate`, `lastUpdateBy`) VALUES (40, '6629 Gavin Burg Apt. 429 Port Willchester, MS 9030', 'Apt. 894', 59, 'bwps', '866.395.6667x721', '2013-12-18 05:49:30', 'Jeanette', '1985-09-01 22:13:03', 'Zechariah');
INSERT INTO `address` (`addressId`, `address`, `address2`, `cityId`, `postalCode`, `phone`, `createDate`, `createdBy`, `lastUpdate`, `lastUpdateBy`) VALUES (41, '380 Monahan Hollow South Orlando, NV 83246-3281', 'Suite 893', 67, 'wolp', '993.610.2749x89443', '1981-01-31 10:54:58', 'Alexys', '2003-12-28 09:58:35', 'Katelynn');
INSERT INTO `address` (`addressId`, `address`, `address2`, `cityId`, `postalCode`, `phone`, `createDate`, `createdBy`, `lastUpdate`, `lastUpdateBy`) VALUES (42, '8876 Ethel Corner Apt. 006 Lake Krista, MS 75291', 'Apt. 902', 45, 'cjmo', '(798)162-6915x596', '1991-02-05 07:42:27', 'Rod', '1974-04-09 05:50:13', 'Nedra');
INSERT INTO `address` (`addressId`, `address`, `address2`, `cityId`, `postalCode`, `phone`, `createDate`, `createdBy`, `lastUpdate`, `lastUpdateBy`) VALUES (43, '516 Mayert Court Tressaberg, AR 87019-4525', 'Suite 925', 80, 'vilg', '340.274.1877', '1972-12-24 05:53:44', 'Madisyn', '1992-04-14 15:37:45', 'Tremayne');
INSERT INTO `address` (`addressId`, `address`, `address2`, `cityId`, `postalCode`, `phone`, `createDate`, `createdBy`, `lastUpdate`, `lastUpdateBy`) VALUES (44, '47141 Lueilwitz Estate West Crystal, DE 49860-5083', 'Suite 666', 14, 'yavl', '(710)551-5631', '1992-03-13 08:16:40', 'Garnett', '1976-11-17 09:25:08', 'Tevin');
INSERT INTO `address` (`addressId`, `address`, `address2`, `cityId`, `postalCode`, `phone`, `createDate`, `createdBy`, `lastUpdate`, `lastUpdateBy`) VALUES (45, '429 Collins Forks Suite 530 Bartonshire, TX 49929-', 'Apt. 186', 38, 'mubv', '003.950.4591x726', '1981-11-20 10:27:12', 'Ariel', '2007-06-24 18:30:32', 'Maxime');
INSERT INTO `address` (`addressId`, `address`, `address2`, `cityId`, `postalCode`, `phone`, `createDate`, `createdBy`, `lastUpdate`, `lastUpdateBy`) VALUES (46, '98337 Shanahan Village Suite 902 Harrisport, KS 50', 'Suite 733', 46, 'djbm', '1-071-000-6921x7751', '2005-04-24 13:52:14', 'Bartholome', '2011-01-18 16:41:53', 'Marcus');
INSERT INTO `address` (`addressId`, `address`, `address2`, `cityId`, `postalCode`, `phone`, `createDate`, `createdBy`, `lastUpdate`, `lastUpdateBy`) VALUES (47, '19845 Broderick Harbors Suite 636 Lake Kaleighches', 'Apt. 590', 44, 'renf', '959.633.6548', '1992-06-21 14:16:11', 'Cole', '1990-09-10 19:36:34', 'Kiana');
INSERT INTO `address` (`addressId`, `address`, `address2`, `cityId`, `postalCode`, `phone`, `createDate`, `createdBy`, `lastUpdate`, `lastUpdateBy`) VALUES (48, '9788 Anahi Lake West Ethelchester, TX 91572-5100', 'Suite 096', 52, 'uyyw', '575-233-4558', '1970-09-12 20:54:01', 'Madalyn', '2005-01-05 21:21:30', 'Julianne');
INSERT INTO `address` (`addressId`, `address`, `address2`, `cityId`, `postalCode`, `phone`, `createDate`, `createdBy`, `lastUpdate`, `lastUpdateBy`) VALUES (49, '870 Rempel Route Apt. 836 Emmerichport, ME 10693-1', 'Apt. 693', 82, 'qimv', '295.003.9950x35233', '2014-01-19 02:42:32', 'Cydney', '1970-01-18 19:40:30', 'Guido');
INSERT INTO `address` (`addressId`, `address`, `address2`, `cityId`, `postalCode`, `phone`, `createDate`, `createdBy`, `lastUpdate`, `lastUpdateBy`) VALUES (50, '120 Goodwin Inlet Apt. 786 New Anjali, NC 17728', 'Suite 099', 6, 'gbgg', '054-545-3629x7189', '1992-09-12 06:38:50', 'Faustino', '1997-04-08 01:56:38', 'Cullen');
INSERT INTO `address` (`addressId`, `address`, `address2`, `cityId`, `postalCode`, `phone`, `createDate`, `createdBy`, `lastUpdate`, `lastUpdateBy`) VALUES (51, '02601 Swaniawski Creek Suite 070 East Dovieshire, ', 'Suite 681', 12, 'ybdb', '169.351.0747', '1996-11-09 09:02:12', 'Rowena', '2004-02-27 04:22:07', 'Mario');
INSERT INTO `address` (`addressId`, `address`, `address2`, `cityId`, `postalCode`, `phone`, `createDate`, `createdBy`, `lastUpdate`, `lastUpdateBy`) VALUES (52, '289 Rachael Crossing Apt. 323 Rosendostad, MO 6004', 'Apt. 493', 51, 'mcvw', '1-825-016-2867x4681', '1983-08-01 18:46:01', 'Zackery', '1999-06-01 14:53:35', 'Petra');
INSERT INTO `address` (`addressId`, `address`, `address2`, `cityId`, `postalCode`, `phone`, `createDate`, `createdBy`, `lastUpdate`, `lastUpdateBy`) VALUES (53, '8900 Godfrey Meadow Elissaland, MS 84683', 'Apt. 722', 43, 'xovw', '(103)095-0202', '1980-02-17 10:23:03', 'Nona', '2008-05-29 21:52:18', 'Damian');
INSERT INTO `address` (`addressId`, `address`, `address2`, `cityId`, `postalCode`, `phone`, `createDate`, `createdBy`, `lastUpdate`, `lastUpdateBy`) VALUES (54, '06180 Damaris Spring Nicolasview, DE 55923-5115', 'Apt. 426', 65, 'brox', '721-105-6581', '1971-04-03 19:18:30', 'Ulises', '1985-01-21 22:08:29', 'Clovis');
INSERT INTO `address` (`addressId`, `address`, `address2`, `cityId`, `postalCode`, `phone`, `createDate`, `createdBy`, `lastUpdate`, `lastUpdateBy`) VALUES (55, '15301 Janet Extensions Suite 573 Jacklynbury, ID 9', 'Apt. 891', 3, 'uxxo', '621-974-7410', '1973-06-17 15:04:37', 'Mckenzie', '2008-09-10 15:28:00', 'Arno');
INSERT INTO `address` (`addressId`, `address`, `address2`, `cityId`, `postalCode`, `phone`, `createDate`, `createdBy`, `lastUpdate`, `lastUpdateBy`) VALUES (56, '175 Orpha Courts Claudieview, NM 25334-7625', 'Apt. 705', 28, 'knka', '258-149-9438x790', '1989-08-13 09:43:27', 'Dortha', '1974-02-18 09:49:17', 'Richard');
INSERT INTO `address` (`addressId`, `address`, `address2`, `cityId`, `postalCode`, `phone`, `createDate`, `createdBy`, `lastUpdate`, `lastUpdateBy`) VALUES (57, '9091 Samir Course Gloriaburgh, PA 52628-9267', 'Apt. 831', 22, 'thsk', '733.470.0155', '1983-05-26 16:08:02', 'Novella', '1996-06-19 20:00:19', 'Ethelyn');
INSERT INTO `address` (`addressId`, `address`, `address2`, `cityId`, `postalCode`, `phone`, `createDate`, `createdBy`, `lastUpdate`, `lastUpdateBy`) VALUES (58, '4522 Eula Mountain Apt. 544 Gerholdberg, DE 80584-', 'Suite 099', 83, 'fefh', '638.932.0600', '2001-04-07 05:03:49', 'Mathew', '1977-01-01 10:14:12', 'Sophia');
INSERT INTO `address` (`addressId`, `address`, `address2`, `cityId`, `postalCode`, `phone`, `createDate`, `createdBy`, `lastUpdate`, `lastUpdateBy`) VALUES (59, '530 Langosh Valleys Apt. 205 Sarinaville, IA 90878', 'Apt. 843', 56, 'wzmn', '(171)655-4784x9719', '2009-11-25 02:38:27', 'Carson', '1980-06-25 06:56:45', 'Caleb');
INSERT INTO `address` (`addressId`, `address`, `address2`, `cityId`, `postalCode`, `phone`, `createDate`, `createdBy`, `lastUpdate`, `lastUpdateBy`) VALUES (60, '41989 Anderson Groves Reillybury, LA 52105-3853', 'Apt. 481', 85, 'uitl', '480.078.9090x80840', '2006-03-04 20:32:51', 'Nannie', '2007-07-05 03:37:44', 'Johnathan');
INSERT INTO `address` (`addressId`, `address`, `address2`, `cityId`, `postalCode`, `phone`, `createDate`, `createdBy`, `lastUpdate`, `lastUpdateBy`) VALUES (61, '174 Gaylord Motorway Boyleville, WI 39655', 'Suite 060', 42, 'mxtr', '031-199-8643x260', '2000-05-18 08:33:38', 'Janiya', '2006-10-15 22:36:11', 'Milo');
INSERT INTO `address` (`addressId`, `address`, `address2`, `cityId`, `postalCode`, `phone`, `createDate`, `createdBy`, `lastUpdate`, `lastUpdateBy`) VALUES (62, '265 Tamia Stravenue Steuberstad, VA 04901-0563', 'Apt. 401', 21, 'kfzm', '826.574.3794', '2012-09-18 01:34:31', 'Rhoda', '1976-04-02 12:29:45', 'Celia');
INSERT INTO `address` (`addressId`, `address`, `address2`, `cityId`, `postalCode`, `phone`, `createDate`, `createdBy`, `lastUpdate`, `lastUpdateBy`) VALUES (63, '13609 Kallie Groves Suite 635 East Javonside, IN 1', 'Apt. 640', 87, 'mzzw', '1-296-743-9553x83071', '1977-04-10 17:18:02', 'Valentina', '1993-04-03 13:30:52', 'Randal');
INSERT INTO `address` (`addressId`, `address`, `address2`, `cityId`, `postalCode`, `phone`, `createDate`, `createdBy`, `lastUpdate`, `lastUpdateBy`) VALUES (64, '11988 Yost Club Suite 478 Williamburgh, CO 15559', 'Apt. 854', 33, 'etsy', '042-366-6369', '2015-05-28 22:35:52', 'Noemi', '1995-07-10 07:33:46', 'Efrain');
INSERT INTO `address` (`addressId`, `address`, `address2`, `cityId`, `postalCode`, `phone`, `createDate`, `createdBy`, `lastUpdate`, `lastUpdateBy`) VALUES (65, '464 Wunsch Underpass Rosinafurt, AL 58613-7117', 'Suite 547', 35, 'clgp', '(876)391-1204x779', '1984-09-14 08:22:45', 'Selmer', '2005-07-20 06:18:35', 'Rachel');
INSERT INTO `address` (`addressId`, `address`, `address2`, `cityId`, `postalCode`, `phone`, `createDate`, `createdBy`, `lastUpdate`, `lastUpdateBy`) VALUES (66, '0273 Herzog Lodge Katharinaview, AL 22011-6372', 'Apt. 571', 86, 'xszy', '1-818-420-4441', '1983-08-13 13:45:31', 'Michelle', '1992-03-27 08:25:36', 'Camilla');
INSERT INTO `address` (`addressId`, `address`, `address2`, `cityId`, `postalCode`, `phone`, `createDate`, `createdBy`, `lastUpdate`, `lastUpdateBy`) VALUES (67, '823 Klein Path Suite 949 Port Chanelstad, MO 04281', 'Apt. 220', 74, 'hazf', '1-045-663-0996x61039', '2011-02-25 01:53:05', 'Conner', '1980-01-08 23:01:24', 'Tara');
INSERT INTO `address` (`addressId`, `address`, `address2`, `cityId`, `postalCode`, `phone`, `createDate`, `createdBy`, `lastUpdate`, `lastUpdateBy`) VALUES (68, '783 Konopelski Plains Suite 682 West Shanel, ND 11', 'Suite 293', 96, 'klzh', '1-141-723-7526', '1997-04-23 22:48:04', 'Cedrick', '1984-12-14 02:52:37', 'Katheryn');
INSERT INTO `address` (`addressId`, `address`, `address2`, `cityId`, `postalCode`, `phone`, `createDate`, `createdBy`, `lastUpdate`, `lastUpdateBy`) VALUES (69, '095 Isaias Ridge Dorothyhaven, NH 67424-5586', 'Apt. 080', 29, 'grkl', '050-048-1027', '1980-11-03 14:11:55', 'Neva', '1984-12-27 02:44:58', 'Martina');
INSERT INTO `address` (`addressId`, `address`, `address2`, `cityId`, `postalCode`, `phone`, `createDate`, `createdBy`, `lastUpdate`, `lastUpdateBy`) VALUES (70, '49235 Don Ferry Suite 389 Port Carson, UT 81664-03', 'Suite 933', 16, 'euwb', '+81(5)4867861392', '1978-01-19 18:27:45', 'Carmen', '2017-08-20 11:05:22', 'Vallie');
INSERT INTO `address` (`addressId`, `address`, `address2`, `cityId`, `postalCode`, `phone`, `createDate`, `createdBy`, `lastUpdate`, `lastUpdateBy`) VALUES (71, '62612 Sporer Ford Port Eileenton, WA 75031-2534', 'Suite 023', 98, 'laad', '1-398-964-3871x8215', '2010-04-13 02:29:09', 'Bulah', '1974-10-13 07:36:33', 'Owen');
INSERT INTO `address` (`addressId`, `address`, `address2`, `cityId`, `postalCode`, `phone`, `createDate`, `createdBy`, `lastUpdate`, `lastUpdateBy`) VALUES (72, '4859 Andy Lake East Edward, IN 94385-9675', 'Apt. 991', 24, 'lmxj', '737.332.6632', '1981-04-30 00:06:06', 'Mariela', '2008-02-28 23:12:17', 'Flossie');
INSERT INTO `address` (`addressId`, `address`, `address2`, `cityId`, `postalCode`, `phone`, `createDate`, `createdBy`, `lastUpdate`, `lastUpdateBy`) VALUES (73, '11625 Murphy Cliff Apt. 815 Wilfredport, RI 60044', 'Suite 468', 18, 'jisn', '+63(4)2578923740', '2011-11-25 20:47:39', 'Kurtis', '1988-10-16 06:48:39', 'Schuyler');
INSERT INTO `address` (`addressId`, `address`, `address2`, `cityId`, `postalCode`, `phone`, `createDate`, `createdBy`, `lastUpdate`, `lastUpdateBy`) VALUES (74, '93482 Davin Curve Suite 306 Guidoburgh, NV 97314-3', 'Suite 515', 72, 'eyvi', '(475)827-9401x7888', '2015-12-30 12:31:52', 'Lavina', '2011-04-06 23:24:30', 'Electa');
INSERT INTO `address` (`addressId`, `address`, `address2`, `cityId`, `postalCode`, `phone`, `createDate`, `createdBy`, `lastUpdate`, `lastUpdateBy`) VALUES (75, '755 Hyatt Ramp South Cedrick, WV 53602', 'Apt. 531', 20, 'szxd', '603.728.3226', '1996-09-25 21:46:04', 'Chyna', '2012-06-07 21:00:06', 'Mark');
INSERT INTO `address` (`addressId`, `address`, `address2`, `cityId`, `postalCode`, `phone`, `createDate`, `createdBy`, `lastUpdate`, `lastUpdateBy`) VALUES (76, '682 Paucek Via Suite 306 Lake Andreaneton, SC 9431', 'Apt. 124', 71, 'yxlk', '1-329-984-0446', '1990-07-13 00:18:01', 'Malvina', '2015-10-20 17:40:56', 'Clementina');
INSERT INTO `address` (`addressId`, `address`, `address2`, `cityId`, `postalCode`, `phone`, `createDate`, `createdBy`, `lastUpdate`, `lastUpdateBy`) VALUES (77, '280 Lorenz Centers Apt. 047 Mitchellshire, NV 5835', 'Suite 317', 66, 'ysaz', '1-513-353-6660x592', '2015-05-04 02:03:26', 'Josue', '1977-09-20 20:15:22', 'Carter');
INSERT INTO `address` (`addressId`, `address`, `address2`, `cityId`, `postalCode`, `phone`, `createDate`, `createdBy`, `lastUpdate`, `lastUpdateBy`) VALUES (78, '6200 Trantow Fall South Aimeeland, OR 35870', 'Suite 243', 37, 'gaya', '065-514-1640x2787', '1991-04-02 09:00:11', 'Edna', '2012-10-02 12:09:36', 'Amaya');
INSERT INTO `address` (`addressId`, `address`, `address2`, `cityId`, `postalCode`, `phone`, `createDate`, `createdBy`, `lastUpdate`, `lastUpdateBy`) VALUES (79, '8614 Yundt Mills South Fern, NC 07124', 'Apt. 461', 19, 'ffse', '102-070-1268x12765', '2006-09-19 09:03:13', 'Fredy', '2002-06-17 09:09:22', 'Noemi');
INSERT INTO `address` (`addressId`, `address`, `address2`, `cityId`, `postalCode`, `phone`, `createDate`, `createdBy`, `lastUpdate`, `lastUpdateBy`) VALUES (80, '9648 Dolly Landing Suite 332 Briannebury, WY 78139', 'Suite 115', 9, 'bzxh', '(437)290-5661', '1978-09-20 01:37:14', 'Annabel', '2012-12-11 12:36:31', 'Jocelyn');
INSERT INTO `address` (`addressId`, `address`, `address2`, `cityId`, `postalCode`, `phone`, `createDate`, `createdBy`, `lastUpdate`, `lastUpdateBy`) VALUES (81, '5044 Tyreek Neck Suite 997 Hunterhaven, LA 35826', 'Suite 995', 81, 'ctvg', '06662597803', '2014-07-17 23:24:10', 'Cary', '1997-12-24 04:36:50', 'Savannah');
INSERT INTO `address` (`addressId`, `address`, `address2`, `cityId`, `postalCode`, `phone`, `createDate`, `createdBy`, `lastUpdate`, `lastUpdateBy`) VALUES (82, '487 Hayes Drive Apt. 416 Port Lisaview, MI 10092-4', 'Suite 594', 31, 'lnlw', '(676)249-5016x08419', '1989-11-04 09:25:07', 'Tatum', '1997-05-04 16:40:47', 'Leonardo');
INSERT INTO `address` (`addressId`, `address`, `address2`, `cityId`, `postalCode`, `phone`, `createDate`, `createdBy`, `lastUpdate`, `lastUpdateBy`) VALUES (83, '65477 Kihn Cliffs South Emilyview, MT 63524', 'Apt. 466', 5, 'dwao', '538.804.1509', '1988-06-14 08:22:59', 'Adrien', '2018-03-09 00:02:18', 'Gerry');
INSERT INTO `address` (`addressId`, `address`, `address2`, `cityId`, `postalCode`, `phone`, `createDate`, `createdBy`, `lastUpdate`, `lastUpdateBy`) VALUES (84, '904 Katelynn Shoals North Darian, WV 42591', 'Suite 883', 69, 'nald', '1-157-135-0252', '2003-08-01 20:03:56', 'Teresa', '2018-11-13 15:47:38', 'Polly');
INSERT INTO `address` (`addressId`, `address`, `address2`, `cityId`, `postalCode`, `phone`, `createDate`, `createdBy`, `lastUpdate`, `lastUpdateBy`) VALUES (85, '00675 Lind Dale Gradyview, WY 93952', 'Apt. 636', 36, 'loap', '942-788-9404x11269', '2015-10-17 00:43:56', 'Alford', '2006-05-26 03:14:37', 'Hugh');
INSERT INTO `address` (`addressId`, `address`, `address2`, `cityId`, `postalCode`, `phone`, `createDate`, `createdBy`, `lastUpdate`, `lastUpdateBy`) VALUES (86, '8644 Wiegand Route Apt. 821 Carletonside, OR 05867', 'Apt. 391', 90, 'ysae', '(714)009-6117x309', '1987-01-19 00:39:20', 'Alek', '2004-09-17 13:27:02', 'Waino');
INSERT INTO `address` (`addressId`, `address`, `address2`, `cityId`, `postalCode`, `phone`, `createDate`, `createdBy`, `lastUpdate`, `lastUpdateBy`) VALUES (87, '24650 Margaretta Turnpike Suite 821 West Emelia, S', 'Apt. 131', 7, 'sdxg', '(057)980-0349', '2019-04-19 10:25:29', 'Marilyne', '1980-05-10 05:51:01', 'Jeanette');
INSERT INTO `address` (`addressId`, `address`, `address2`, `cityId`, `postalCode`, `phone`, `createDate`, `createdBy`, `lastUpdate`, `lastUpdateBy`) VALUES (88, '9920 Joy Vista South Sincere, HI 24104', 'Apt. 946', 77, 'gbta', '1-088-957-5733x1072', '1981-03-29 05:21:53', 'Antonetta', '2002-01-23 17:15:14', 'Isom');
INSERT INTO `address` (`addressId`, `address`, `address2`, `cityId`, `postalCode`, `phone`, `createDate`, `createdBy`, `lastUpdate`, `lastUpdateBy`) VALUES (89, '01723 Marvin Landing East Brooks, AR 04773-5059', 'Apt. 470', 27, 'ksad', '+19(8)5768764195', '1996-11-23 01:49:51', 'Brady', '1999-12-19 12:22:29', 'Palma');
INSERT INTO `address` (`addressId`, `address`, `address2`, `cityId`, `postalCode`, `phone`, `createDate`, `createdBy`, `lastUpdate`, `lastUpdateBy`) VALUES (90, '6053 Ruecker Stream Elissaton, NJ 19677', 'Apt. 331', 73, 'ludk', '670.599.8787x74155', '1970-02-27 22:17:01', 'Anissa', '1970-12-19 13:40:01', 'Delfina');
INSERT INTO `address` (`addressId`, `address`, `address2`, `cityId`, `postalCode`, `phone`, `createDate`, `createdBy`, `lastUpdate`, `lastUpdateBy`) VALUES (91, '5371 Pinkie Shoals Apt. 483 New Alta, GA 08322-510', 'Suite 889', 60, 'zctj', '371-668-0585', '1990-07-04 06:13:51', 'Moises', '2015-10-23 05:04:09', 'Wilfredo');
INSERT INTO `address` (`addressId`, `address`, `address2`, `cityId`, `postalCode`, `phone`, `createDate`, `createdBy`, `lastUpdate`, `lastUpdateBy`) VALUES (92, '40368 Ezra Drive Suite 508 North Pedrochester, RI ', 'Apt. 603', 34, 'gejx', '1-862-494-0652', '2012-02-01 09:27:21', 'Vanessa', '2012-04-22 10:34:27', 'Gavin');
INSERT INTO `address` (`addressId`, `address`, `address2`, `cityId`, `postalCode`, `phone`, `createDate`, `createdBy`, `lastUpdate`, `lastUpdateBy`) VALUES (93, '08566 Romaguera Inlet Rempelburgh, TN 81915-7726', 'Suite 898', 47, 'dsrx', '01439824845', '2017-10-03 18:09:39', 'Christian', '1977-12-21 20:48:32', 'Sasha');
INSERT INTO `address` (`addressId`, `address`, `address2`, `cityId`, `postalCode`, `phone`, `createDate`, `createdBy`, `lastUpdate`, `lastUpdateBy`) VALUES (94, '612 Brown Summit Suite 991 Port Zechariahborough, ', 'Apt. 443', 94, 'clcc', '1-520-514-3559x62170', '1999-07-25 09:24:33', 'Eloise', '1986-01-23 03:34:05', 'Kody');
INSERT INTO `address` (`addressId`, `address`, `address2`, `cityId`, `postalCode`, `phone`, `createDate`, `createdBy`, `lastUpdate`, `lastUpdateBy`) VALUES (95, '4373 Greenholt Run Robertsport, AK 30615', 'Suite 725', 75, 'vdbs', '08499015718', '1992-10-22 00:05:41', 'Justice', '2009-10-24 08:12:11', 'Melyna');
INSERT INTO `address` (`addressId`, `address`, `address2`, `cityId`, `postalCode`, `phone`, `createDate`, `createdBy`, `lastUpdate`, `lastUpdateBy`) VALUES (96, '837 Janice Mews Apt. 491 Nicolasborough, MA 00204-', 'Suite 076', 92, 'eqzn', '326.699.8327', '2007-11-20 11:44:46', 'Bobbie', '1991-11-10 22:14:19', 'Jaylon');
INSERT INTO `address` (`addressId`, `address`, `address2`, `cityId`, `postalCode`, `phone`, `createDate`, `createdBy`, `lastUpdate`, `lastUpdateBy`) VALUES (97, '856 Williamson Springs Lenoraburgh, DE 18793-7538', 'Apt. 470', 26, 'dign', '901.137.8269x6640', '1983-03-26 15:54:44', 'Cleora', '2008-12-12 03:54:53', 'Pamela');
INSERT INTO `address` (`addressId`, `address`, `address2`, `cityId`, `postalCode`, `phone`, `createDate`, `createdBy`, `lastUpdate`, `lastUpdateBy`) VALUES (98, '521 Monahan Fields Suite 366 Zboncakchester, NE 45', 'Apt. 140', 84, 'kjlu', '550-168-9940x740', '2015-01-22 03:45:58', 'Adaline', '2013-07-03 11:44:27', 'Brett');
INSERT INTO `address` (`addressId`, `address`, `address2`, `cityId`, `postalCode`, `phone`, `createDate`, `createdBy`, `lastUpdate`, `lastUpdateBy`) VALUES (99, '6768 Rahsaan Mountains Port Jakobview, CT 53552', 'Apt. 852', 32, 'lzvp', '1-645-276-7911', '2010-12-05 01:06:07', 'Yesenia', '2009-12-08 10:12:59', 'Marcos');
INSERT INTO `address` (`addressId`, `address`, `address2`, `cityId`, `postalCode`, `phone`, `createDate`, `createdBy`, `lastUpdate`, `lastUpdateBy`) VALUES (100, '7661 Davis Squares Jenningsville, VA 62411-0545', 'Suite 440', 64, 'iubv', '1-145-471-3541', '2014-02-15 15:57:05', 'Aryanna', '1997-10-29 09:03:06', 'Hassie');

INSERT INTO `customer` (`customerId`, `customerName`, `addressId`, `active`, `createDate`, `createdBy`, `lastUpdate`, `lastUpdateBy`) VALUES (1, 'corporis', 4, 1, '1971-04-07 00:38:46', 'Maryam', '2008-02-06 07:54:09', 'Annalise');
INSERT INTO `customer` (`customerId`, `customerName`, `addressId`, `active`, `createDate`, `createdBy`, `lastUpdate`, `lastUpdateBy`) VALUES (2, 'sed', 48, 0, '2012-01-31 15:13:10', 'Kenyon', '2007-09-04 10:55:23', 'Antone');
INSERT INTO `customer` (`customerId`, `customerName`, `addressId`, `active`, `createDate`, `createdBy`, `lastUpdate`, `lastUpdateBy`) VALUES (3, 'nam', 53, 1, '2015-07-17 15:27:47', 'Destinee', '1973-04-23 09:24:22', 'German');
INSERT INTO `customer` (`customerId`, `customerName`, `addressId`, `active`, `createDate`, `createdBy`, `lastUpdate`, `lastUpdateBy`) VALUES (4, 'exercitationem', 63, 0, '2006-10-20 03:42:37', 'Marian', '2004-12-19 21:55:48', 'Baby');
INSERT INTO `customer` (`customerId`, `customerName`, `addressId`, `active`, `createDate`, `createdBy`, `lastUpdate`, `lastUpdateBy`) VALUES (5, 'et', 32, 0, '1983-09-17 17:45:01', 'Cordelia', '2001-01-01 12:02:35', 'Susie');
INSERT INTO `customer` (`customerId`, `customerName`, `addressId`, `active`, `createDate`, `createdBy`, `lastUpdate`, `lastUpdateBy`) VALUES (6, 'ut', 72, 0, '2008-03-22 14:47:59', 'Kamille', '1979-04-21 12:13:40', 'George');
INSERT INTO `customer` (`customerId`, `customerName`, `addressId`, `active`, `createDate`, `createdBy`, `lastUpdate`, `lastUpdateBy`) VALUES (7, 'et', 64, 0, '1980-01-06 16:58:46', 'Cruz', '2011-06-14 13:01:28', 'Hertha');
INSERT INTO `customer` (`customerId`, `customerName`, `addressId`, `active`, `createDate`, `createdBy`, `lastUpdate`, `lastUpdateBy`) VALUES (8, 'quidem', 62, 0, '2010-05-31 19:53:01', 'Benedict', '1990-02-10 16:53:22', 'Abner');
INSERT INTO `customer` (`customerId`, `customerName`, `addressId`, `active`, `createDate`, `createdBy`, `lastUpdate`, `lastUpdateBy`) VALUES (9, 'voluptate', 60, 0, '2006-03-18 08:40:37', 'Karine', '2007-01-24 11:06:11', 'Garrick');
INSERT INTO `customer` (`customerId`, `customerName`, `addressId`, `active`, `createDate`, `createdBy`, `lastUpdate`, `lastUpdateBy`) VALUES (10, 'natus', 55, 0, '2016-07-06 06:13:43', 'Sydnee', '2019-03-05 07:02:22', 'Meredith');
INSERT INTO `customer` (`customerId`, `customerName`, `addressId`, `active`, `createDate`, `createdBy`, `lastUpdate`, `lastUpdateBy`) VALUES (11, 'aut', 56, 0, '1991-12-21 09:48:51', 'Alayna', '2017-12-13 13:11:06', 'Murl');
INSERT INTO `customer` (`customerId`, `customerName`, `addressId`, `active`, `createDate`, `createdBy`, `lastUpdate`, `lastUpdateBy`) VALUES (12, 'et', 25, 0, '1999-06-28 06:23:18', 'Mittie', '1993-01-12 12:23:32', 'Grayson');
INSERT INTO `customer` (`customerId`, `customerName`, `addressId`, `active`, `createDate`, `createdBy`, `lastUpdate`, `lastUpdateBy`) VALUES (13, 'omnis', 12, 0, '1992-05-25 00:43:16', 'Johann', '2007-09-09 18:28:32', 'Lacey');
INSERT INTO `customer` (`customerId`, `customerName`, `addressId`, `active`, `createDate`, `createdBy`, `lastUpdate`, `lastUpdateBy`) VALUES (14, 'enim', 49, 0, '2014-03-09 23:04:43', 'Stella', '2019-01-08 12:02:49', 'Kamille');
INSERT INTO `customer` (`customerId`, `customerName`, `addressId`, `active`, `createDate`, `createdBy`, `lastUpdate`, `lastUpdateBy`) VALUES (15, 'ea', 67, 1, '1971-03-24 10:13:48', 'Aleen', '1991-04-19 20:27:36', 'Margarita');
INSERT INTO `customer` (`customerId`, `customerName`, `addressId`, `active`, `createDate`, `createdBy`, `lastUpdate`, `lastUpdateBy`) VALUES (16, 'dolores', 43, 1, '2008-07-27 23:37:58', 'Kieran', '2018-02-01 10:51:25', 'Marvin');
INSERT INTO `customer` (`customerId`, `customerName`, `addressId`, `active`, `createDate`, `createdBy`, `lastUpdate`, `lastUpdateBy`) VALUES (17, 'eveniet', 36, 0, '1991-01-11 11:50:06', 'Humberto', '1986-07-08 23:45:19', 'Aron');
INSERT INTO `customer` (`customerId`, `customerName`, `addressId`, `active`, `createDate`, `createdBy`, `lastUpdate`, `lastUpdateBy`) VALUES (18, 'quod', 70, 0, '1972-08-25 21:57:46', 'Kallie', '1976-03-15 18:16:38', 'Sammie');
INSERT INTO `customer` (`customerId`, `customerName`, `addressId`, `active`, `createDate`, `createdBy`, `lastUpdate`, `lastUpdateBy`) VALUES (19, 'sed', 45, 0, '1982-03-04 11:02:01', 'Jack', '2003-10-13 23:21:29', 'Jerod');
INSERT INTO `customer` (`customerId`, `customerName`, `addressId`, `active`, `createDate`, `createdBy`, `lastUpdate`, `lastUpdateBy`) VALUES (20, 'sed', 38, 0, '1988-10-07 16:28:59', 'Marty', '1998-02-08 23:14:04', 'Krystel');
INSERT INTO `customer` (`customerId`, `customerName`, `addressId`, `active`, `createDate`, `createdBy`, `lastUpdate`, `lastUpdateBy`) VALUES (21, 'enim', 8, 1, '1977-01-01 15:01:11', 'Jarrett', '1995-03-16 11:39:38', 'Monica');
INSERT INTO `customer` (`customerId`, `customerName`, `addressId`, `active`, `createDate`, `createdBy`, `lastUpdate`, `lastUpdateBy`) VALUES (22, 'et', 73, 0, '1977-09-01 15:20:17', 'Arch', '1983-04-07 19:34:41', 'Audreanne');
INSERT INTO `customer` (`customerId`, `customerName`, `addressId`, `active`, `createDate`, `createdBy`, `lastUpdate`, `lastUpdateBy`) VALUES (23, 'ipsa', 84, 1, '2015-06-10 16:33:30', 'Seamus', '1970-08-07 21:42:17', 'Minerva');
INSERT INTO `customer` (`customerId`, `customerName`, `addressId`, `active`, `createDate`, `createdBy`, `lastUpdate`, `lastUpdateBy`) VALUES (24, 'quasi', 92, 0, '1976-02-19 23:20:09', 'Dannie', '1975-03-19 20:03:17', 'Lexi');
INSERT INTO `customer` (`customerId`, `customerName`, `addressId`, `active`, `createDate`, `createdBy`, `lastUpdate`, `lastUpdateBy`) VALUES (25, 'laudantium', 46, 1, '1984-05-03 21:53:17', 'Luella', '1988-09-06 03:41:10', 'Richard');
INSERT INTO `customer` (`customerId`, `customerName`, `addressId`, `active`, `createDate`, `createdBy`, `lastUpdate`, `lastUpdateBy`) VALUES (26, 'praesentium', 94, 0, '2002-10-03 07:48:31', 'Giovanny', '1998-12-01 07:44:16', 'Everardo');
INSERT INTO `customer` (`customerId`, `customerName`, `addressId`, `active`, `createDate`, `createdBy`, `lastUpdate`, `lastUpdateBy`) VALUES (27, 'reprehenderit', 100, 0, '2019-07-29 09:20:02', 'Garland', '1992-08-20 09:48:35', 'Toni');
INSERT INTO `customer` (`customerId`, `customerName`, `addressId`, `active`, `createDate`, `createdBy`, `lastUpdate`, `lastUpdateBy`) VALUES (28, 'maxime', 22, 1, '1974-10-20 21:27:25', 'Odessa', '2002-07-12 23:41:34', 'Derrick');
INSERT INTO `customer` (`customerId`, `customerName`, `addressId`, `active`, `createDate`, `createdBy`, `lastUpdate`, `lastUpdateBy`) VALUES (29, 'modi', 76, 1, '2009-01-21 18:50:56', 'Simone', '2006-04-06 17:07:38', 'Darrion');
INSERT INTO `customer` (`customerId`, `customerName`, `addressId`, `active`, `createDate`, `createdBy`, `lastUpdate`, `lastUpdateBy`) VALUES (30, 'suscipit', 83, 1, '2006-02-15 07:54:30', 'Taurean', '1995-12-05 08:30:19', 'Joe');
INSERT INTO `customer` (`customerId`, `customerName`, `addressId`, `active`, `createDate`, `createdBy`, `lastUpdate`, `lastUpdateBy`) VALUES (31, 'molestias', 88, 0, '1995-04-20 21:45:01', 'Angelica', '1988-09-03 09:26:29', 'Adrian');
INSERT INTO `customer` (`customerId`, `customerName`, `addressId`, `active`, `createDate`, `createdBy`, `lastUpdate`, `lastUpdateBy`) VALUES (32, 'quae', 29, 0, '2012-08-11 06:31:19', 'Casper', '2011-01-05 16:24:14', 'Carole');
INSERT INTO `customer` (`customerId`, `customerName`, `addressId`, `active`, `createDate`, `createdBy`, `lastUpdate`, `lastUpdateBy`) VALUES (33, 'aut', 35, 0, '1978-02-22 11:48:56', 'Nickolas', '1973-12-28 08:24:12', 'Keyon');
INSERT INTO `customer` (`customerId`, `customerName`, `addressId`, `active`, `createDate`, `createdBy`, `lastUpdate`, `lastUpdateBy`) VALUES (34, 'ducimus', 18, 0, '1980-01-03 07:08:51', 'Isabell', '1974-12-22 22:53:35', 'Maeve');
INSERT INTO `customer` (`customerId`, `customerName`, `addressId`, `active`, `createDate`, `createdBy`, `lastUpdate`, `lastUpdateBy`) VALUES (35, 'modi', 58, 1, '1987-08-04 17:50:06', 'Janet', '1996-02-01 14:22:03', 'Maud');
INSERT INTO `customer` (`customerId`, `customerName`, `addressId`, `active`, `createDate`, `createdBy`, `lastUpdate`, `lastUpdateBy`) VALUES (36, 'earum', 30, 0, '2019-03-24 15:41:34', 'Lonnie', '1993-06-07 08:53:48', 'Ezequiel');
INSERT INTO `customer` (`customerId`, `customerName`, `addressId`, `active`, `createDate`, `createdBy`, `lastUpdate`, `lastUpdateBy`) VALUES (37, 'voluptatem', 33, 0, '1996-11-14 02:21:41', 'Kayden', '1986-05-13 08:30:03', 'Alexandria');
INSERT INTO `customer` (`customerId`, `customerName`, `addressId`, `active`, `createDate`, `createdBy`, `lastUpdate`, `lastUpdateBy`) VALUES (38, 'culpa', 14, 1, '1978-11-08 08:52:18', 'Lisandro', '2012-09-16 14:12:32', 'Ulises');
INSERT INTO `customer` (`customerId`, `customerName`, `addressId`, `active`, `createDate`, `createdBy`, `lastUpdate`, `lastUpdateBy`) VALUES (39, 'sunt', 69, 0, '1987-02-14 23:55:57', 'Destiney', '2015-02-03 02:37:59', 'Reese');
INSERT INTO `customer` (`customerId`, `customerName`, `addressId`, `active`, `createDate`, `createdBy`, `lastUpdate`, `lastUpdateBy`) VALUES (40, 'dolor', 71, 0, '1974-01-30 03:36:56', 'Guillermo', '1996-01-14 18:30:58', 'Davonte');
INSERT INTO `customer` (`customerId`, `customerName`, `addressId`, `active`, `createDate`, `createdBy`, `lastUpdate`, `lastUpdateBy`) VALUES (41, 'eum', 96, 0, '1999-08-09 05:02:43', 'Maia', '2007-07-24 12:05:50', 'Greyson');
INSERT INTO `customer` (`customerId`, `customerName`, `addressId`, `active`, `createDate`, `createdBy`, `lastUpdate`, `lastUpdateBy`) VALUES (42, 'vel', 24, 0, '1999-05-11 12:46:22', 'Alize', '2005-11-03 11:54:12', 'Mollie');
INSERT INTO `customer` (`customerId`, `customerName`, `addressId`, `active`, `createDate`, `createdBy`, `lastUpdate`, `lastUpdateBy`) VALUES (43, 'eligendi', 23, 1, '1982-05-02 05:04:44', 'Margie', '1997-08-14 11:19:15', 'Crystel');
INSERT INTO `customer` (`customerId`, `customerName`, `addressId`, `active`, `createDate`, `createdBy`, `lastUpdate`, `lastUpdateBy`) VALUES (44, 'sed', 81, 0, '1980-03-29 00:38:46', 'Luna', '2000-05-02 17:14:10', 'Kiel');
INSERT INTO `customer` (`customerId`, `customerName`, `addressId`, `active`, `createDate`, `createdBy`, `lastUpdate`, `lastUpdateBy`) VALUES (45, 'cum', 10, 1, '2011-06-18 13:31:03', 'Bella', '1978-10-05 18:40:26', 'Ali');
INSERT INTO `customer` (`customerId`, `customerName`, `addressId`, `active`, `createDate`, `createdBy`, `lastUpdate`, `lastUpdateBy`) VALUES (46, 'rerum', 31, 0, '1989-03-26 14:28:53', 'Daniela', '2013-06-16 19:10:41', 'Adella');
INSERT INTO `customer` (`customerId`, `customerName`, `addressId`, `active`, `createDate`, `createdBy`, `lastUpdate`, `lastUpdateBy`) VALUES (47, 'sit', 87, 1, '2015-06-30 23:49:16', 'Zion', '2008-12-15 05:00:39', 'Margarete');
INSERT INTO `customer` (`customerId`, `customerName`, `addressId`, `active`, `createDate`, `createdBy`, `lastUpdate`, `lastUpdateBy`) VALUES (48, 'et', 93, 0, '2007-09-06 08:22:04', 'Jermaine', '2009-08-07 02:07:22', 'Lavern');
INSERT INTO `customer` (`customerId`, `customerName`, `addressId`, `active`, `createDate`, `createdBy`, `lastUpdate`, `lastUpdateBy`) VALUES (49, 'perferendis', 74, 1, '1982-05-03 00:51:21', 'Willa', '1999-09-16 08:33:55', 'Zita');
INSERT INTO `customer` (`customerId`, `customerName`, `addressId`, `active`, `createDate`, `createdBy`, `lastUpdate`, `lastUpdateBy`) VALUES (50, 'at', 44, 0, '1973-02-22 03:57:00', 'Amber', '1999-02-26 18:02:24', 'Marilie');
INSERT INTO `customer` (`customerId`, `customerName`, `addressId`, `active`, `createDate`, `createdBy`, `lastUpdate`, `lastUpdateBy`) VALUES (51, 'voluptatem', 20, 1, '1980-08-02 11:07:21', 'Marcel', '1987-06-03 18:49:49', 'Jarred');
INSERT INTO `customer` (`customerId`, `customerName`, `addressId`, `active`, `createDate`, `createdBy`, `lastUpdate`, `lastUpdateBy`) VALUES (52, 'fugit', 86, 1, '1988-06-08 23:31:34', 'Amira', '2009-02-08 08:37:42', 'Leonel');
INSERT INTO `customer` (`customerId`, `customerName`, `addressId`, `active`, `createDate`, `createdBy`, `lastUpdate`, `lastUpdateBy`) VALUES (53, 'consequatur', 89, 0, '1974-06-27 01:09:47', 'Wyman', '2010-07-03 21:43:50', 'Camila');
INSERT INTO `customer` (`customerId`, `customerName`, `addressId`, `active`, `createDate`, `createdBy`, `lastUpdate`, `lastUpdateBy`) VALUES (54, 'voluptates', 80, 1, '2015-05-20 05:10:42', 'Valentine', '1985-01-30 04:05:06', 'Trudie');
INSERT INTO `customer` (`customerId`, `customerName`, `addressId`, `active`, `createDate`, `createdBy`, `lastUpdate`, `lastUpdateBy`) VALUES (55, 'a', 54, 1, '1992-10-01 17:41:46', 'Lowell', '1987-10-27 12:04:26', 'Zoila');
INSERT INTO `customer` (`customerId`, `customerName`, `addressId`, `active`, `createDate`, `createdBy`, `lastUpdate`, `lastUpdateBy`) VALUES (56, 'quo', 59, 0, '1989-03-18 02:33:15', 'Rachel', '1980-02-03 23:32:34', 'Pasquale');
INSERT INTO `customer` (`customerId`, `customerName`, `addressId`, `active`, `createDate`, `createdBy`, `lastUpdate`, `lastUpdateBy`) VALUES (57, 'accusantium', 21, 0, '2001-08-15 12:30:53', 'Christopher', '2004-02-26 12:02:02', 'Celia');
INSERT INTO `customer` (`customerId`, `customerName`, `addressId`, `active`, `createDate`, `createdBy`, `lastUpdate`, `lastUpdateBy`) VALUES (58, 'architecto', 97, 0, '1973-08-02 23:42:37', 'Anika', '1998-04-12 06:31:31', 'Camden');
INSERT INTO `customer` (`customerId`, `customerName`, `addressId`, `active`, `createDate`, `createdBy`, `lastUpdate`, `lastUpdateBy`) VALUES (59, 'assumenda', 75, 0, '1997-05-05 18:15:30', 'Alva', '1983-10-08 16:01:35', 'Brandyn');
INSERT INTO `customer` (`customerId`, `customerName`, `addressId`, `active`, `createDate`, `createdBy`, `lastUpdate`, `lastUpdateBy`) VALUES (60, 'iste', 3, 1, '1977-10-28 13:54:42', 'Nia', '2005-11-03 02:05:50', 'Shawn');
INSERT INTO `customer` (`customerId`, `customerName`, `addressId`, `active`, `createDate`, `createdBy`, `lastUpdate`, `lastUpdateBy`) VALUES (61, 'id', 52, 0, '1983-12-12 11:27:44', 'Quinten', '1970-02-02 01:17:36', 'Era');
INSERT INTO `customer` (`customerId`, `customerName`, `addressId`, `active`, `createDate`, `createdBy`, `lastUpdate`, `lastUpdateBy`) VALUES (62, 'assumenda', 78, 0, '2004-08-10 10:37:31', 'Roger', '1974-12-23 13:35:05', 'Jack');
INSERT INTO `customer` (`customerId`, `customerName`, `addressId`, `active`, `createDate`, `createdBy`, `lastUpdate`, `lastUpdateBy`) VALUES (63, 'placeat', 15, 1, '1982-08-01 03:49:49', 'Hellen', '1986-01-20 19:00:52', 'Erling');
INSERT INTO `customer` (`customerId`, `customerName`, `addressId`, `active`, `createDate`, `createdBy`, `lastUpdate`, `lastUpdateBy`) VALUES (64, 'sint', 57, 0, '1984-12-13 19:45:05', 'Douglas', '1994-09-19 07:38:24', 'Watson');
INSERT INTO `customer` (`customerId`, `customerName`, `addressId`, `active`, `createDate`, `createdBy`, `lastUpdate`, `lastUpdateBy`) VALUES (65, 'et', 26, 1, '1971-07-04 20:28:22', 'Ross', '1983-05-26 12:42:13', 'Easton');
INSERT INTO `customer` (`customerId`, `customerName`, `addressId`, `active`, `createDate`, `createdBy`, `lastUpdate`, `lastUpdateBy`) VALUES (66, 'illo', 34, 1, '1984-04-04 23:50:43', 'Will', '2010-10-11 18:31:48', 'Mariano');
INSERT INTO `customer` (`customerId`, `customerName`, `addressId`, `active`, `createDate`, `createdBy`, `lastUpdate`, `lastUpdateBy`) VALUES (67, 'eligendi', 91, 1, '1984-09-11 12:34:47', 'Cleta', '1993-02-10 10:30:21', 'Joanne');
INSERT INTO `customer` (`customerId`, `customerName`, `addressId`, `active`, `createDate`, `createdBy`, `lastUpdate`, `lastUpdateBy`) VALUES (68, 'ut', 6, 0, '1987-10-25 03:44:31', 'Jerad', '1998-01-12 15:05:56', 'Naomie');
INSERT INTO `customer` (`customerId`, `customerName`, `addressId`, `active`, `createDate`, `createdBy`, `lastUpdate`, `lastUpdateBy`) VALUES (69, 'aut', 66, 0, '1977-12-31 09:18:52', 'Kian', '1970-11-27 16:07:57', 'Linda');
INSERT INTO `customer` (`customerId`, `customerName`, `addressId`, `active`, `createDate`, `createdBy`, `lastUpdate`, `lastUpdateBy`) VALUES (70, 'tempore', 82, 0, '1994-12-05 13:57:58', 'Ike', '1985-05-29 01:11:10', 'Micheal');
INSERT INTO `customer` (`customerId`, `customerName`, `addressId`, `active`, `createDate`, `createdBy`, `lastUpdate`, `lastUpdateBy`) VALUES (71, 'voluptas', 13, 0, '2018-08-22 01:55:16', 'Janie', '1973-08-06 19:07:42', 'Jack');
INSERT INTO `customer` (`customerId`, `customerName`, `addressId`, `active`, `createDate`, `createdBy`, `lastUpdate`, `lastUpdateBy`) VALUES (72, 'quibusdam', 51, 0, '1982-07-20 14:59:01', 'Delpha', '1986-07-12 03:01:58', 'Magdalena');
INSERT INTO `customer` (`customerId`, `customerName`, `addressId`, `active`, `createDate`, `createdBy`, `lastUpdate`, `lastUpdateBy`) VALUES (73, 'in', 16, 0, '2013-01-23 21:59:06', 'Tyrell', '2000-07-19 08:17:36', 'Angelica');
INSERT INTO `customer` (`customerId`, `customerName`, `addressId`, `active`, `createDate`, `createdBy`, `lastUpdate`, `lastUpdateBy`) VALUES (74, 'laborum', 17, 0, '2018-07-23 11:01:53', 'Jerrell', '1978-02-04 02:35:45', 'Aglae');
INSERT INTO `customer` (`customerId`, `customerName`, `addressId`, `active`, `createDate`, `createdBy`, `lastUpdate`, `lastUpdateBy`) VALUES (75, 'qui', 68, 1, '2005-05-30 18:02:34', 'Jewel', '1980-10-11 05:01:51', 'Stacy');
INSERT INTO `customer` (`customerId`, `customerName`, `addressId`, `active`, `createDate`, `createdBy`, `lastUpdate`, `lastUpdateBy`) VALUES (76, 'ea', 5, 0, '1998-01-12 13:23:38', 'Turner', '1976-04-01 15:00:31', 'Dante');
INSERT INTO `customer` (`customerId`, `customerName`, `addressId`, `active`, `createDate`, `createdBy`, `lastUpdate`, `lastUpdateBy`) VALUES (77, 'repudiandae', 50, 0, '2003-08-17 19:16:46', 'Naomi', '1989-03-04 13:09:52', 'Jedidiah');
INSERT INTO `customer` (`customerId`, `customerName`, `addressId`, `active`, `createDate`, `createdBy`, `lastUpdate`, `lastUpdateBy`) VALUES (78, 'explicabo', 65, 0, '1990-09-26 20:48:46', 'Winnifred', '1978-04-18 03:48:19', 'Rhoda');
INSERT INTO `customer` (`customerId`, `customerName`, `addressId`, `active`, `createDate`, `createdBy`, `lastUpdate`, `lastUpdateBy`) VALUES (79, 'labore', 11, 1, '1984-06-07 16:04:57', 'Madelynn', '2005-01-09 03:59:35', 'Dario');
INSERT INTO `customer` (`customerId`, `customerName`, `addressId`, `active`, `createDate`, `createdBy`, `lastUpdate`, `lastUpdateBy`) VALUES (80, 'veritatis', 98, 1, '2012-06-29 13:20:53', 'Cali', '2019-05-27 20:11:15', 'Camille');
INSERT INTO `customer` (`customerId`, `customerName`, `addressId`, `active`, `createDate`, `createdBy`, `lastUpdate`, `lastUpdateBy`) VALUES (81, 'id', 90, 1, '1984-10-04 11:05:42', 'Trisha', '1982-01-08 11:40:22', 'Chet');
INSERT INTO `customer` (`customerId`, `customerName`, `addressId`, `active`, `createDate`, `createdBy`, `lastUpdate`, `lastUpdateBy`) VALUES (82, 'provident', 19, 0, '2010-10-17 07:07:01', 'Issac', '1980-01-05 15:43:26', 'Edmund');
INSERT INTO `customer` (`customerId`, `customerName`, `addressId`, `active`, `createDate`, `createdBy`, `lastUpdate`, `lastUpdateBy`) VALUES (83, 'quasi', 7, 0, '1999-01-29 20:30:41', 'Reva', '1997-02-03 03:22:39', 'Ian');
INSERT INTO `customer` (`customerId`, `customerName`, `addressId`, `active`, `createDate`, `createdBy`, `lastUpdate`, `lastUpdateBy`) VALUES (84, 'dolore', 27, 0, '1970-03-10 00:00:10', 'Columbus', '1972-05-14 03:11:46', 'Gunnar');
INSERT INTO `customer` (`customerId`, `customerName`, `addressId`, `active`, `createDate`, `createdBy`, `lastUpdate`, `lastUpdateBy`) VALUES (85, 'explicabo', 2, 1, '1970-06-05 19:33:24', 'Branson', '2015-05-09 08:01:03', 'Yasmeen');
INSERT INTO `customer` (`customerId`, `customerName`, `addressId`, `active`, `createDate`, `createdBy`, `lastUpdate`, `lastUpdateBy`) VALUES (86, 'minus', 37, 0, '1982-09-04 11:23:20', 'Baby', '1999-09-07 12:22:05', 'Madelynn');
INSERT INTO `customer` (`customerId`, `customerName`, `addressId`, `active`, `createDate`, `createdBy`, `lastUpdate`, `lastUpdateBy`) VALUES (88, 'fuga', 95, 1, '1979-05-01 22:31:52', 'Berniece', '1976-01-25 18:10:39', 'Cornell');
INSERT INTO `customer` (`customerId`, `customerName`, `addressId`, `active`, `createDate`, `createdBy`, `lastUpdate`, `lastUpdateBy`) VALUES (89, 'assumenda', 1, 1, '1976-08-26 09:07:07', 'Judson', '1970-11-06 20:30:40', 'Arely');
INSERT INTO `customer` (`customerId`, `customerName`, `addressId`, `active`, `createDate`, `createdBy`, `lastUpdate`, `lastUpdateBy`) VALUES (90, 'in', 47, 0, '1999-12-15 22:35:06', 'Emmie', '2003-09-10 07:00:30', 'Keshaun');
INSERT INTO `customer` (`customerId`, `customerName`, `addressId`, `active`, `createDate`, `createdBy`, `lastUpdate`, `lastUpdateBy`) VALUES (91, 'quaerat', 40, 1, '2006-06-01 19:46:46', 'Thalia', '1970-09-07 08:08:12', 'Mafalda');
INSERT INTO `customer` (`customerId`, `customerName`, `addressId`, `active`, `createDate`, `createdBy`, `lastUpdate`, `lastUpdateBy`) VALUES (92, 'sequi', 85, 0, '1983-09-11 01:07:43', 'Tressie', '1997-10-19 13:39:15', 'Gia');
INSERT INTO `customer` (`customerId`, `customerName`, `addressId`, `active`, `createDate`, `createdBy`, `lastUpdate`, `lastUpdateBy`) VALUES (93, 'qui', 61, 1, '2016-12-15 18:22:30', 'Vicente', '1981-08-04 14:42:25', 'Gayle');
INSERT INTO `customer` (`customerId`, `customerName`, `addressId`, `active`, `createDate`, `createdBy`, `lastUpdate`, `lastUpdateBy`) VALUES (94, 'sint', 99, 0, '2008-02-26 19:39:01', 'Briana', '1988-02-16 07:05:30', 'Elijah');
INSERT INTO `customer` (`customerId`, `customerName`, `addressId`, `active`, `createDate`, `createdBy`, `lastUpdate`, `lastUpdateBy`) VALUES (95, 'omnis', 41, 0, '2003-03-04 04:17:24', 'Ryan', '2001-04-14 15:20:51', 'Kylie');
INSERT INTO `customer` (`customerId`, `customerName`, `addressId`, `active`, `createDate`, `createdBy`, `lastUpdate`, `lastUpdateBy`) VALUES (96, 'dolor', 79, 0, '1974-11-26 14:07:28', 'Amir', '1990-09-02 03:58:26', 'Westley');
INSERT INTO `customer` (`customerId`, `customerName`, `addressId`, `active`, `createDate`, `createdBy`, `lastUpdate`, `lastUpdateBy`) VALUES (97, 'veritatis', 28, 0, '1991-09-28 15:51:18', 'Arnold', '1979-02-19 00:11:50', 'Dixie');
INSERT INTO `customer` (`customerId`, `customerName`, `addressId`, `active`, `createDate`, `createdBy`, `lastUpdate`, `lastUpdateBy`) VALUES (98, 'eius', 39, 0, '1995-11-30 23:17:32', 'Ellis', '2015-12-08 10:30:59', 'Monroe');
INSERT INTO `customer` (`customerId`, `customerName`, `addressId`, `active`, `createDate`, `createdBy`, `lastUpdate`, `lastUpdateBy`) VALUES (99, 'non', 77, 0, '1976-03-26 11:51:40', 'Lilyan', '1983-04-13 16:07:13', 'Orpha');
INSERT INTO `customer` (`customerId`, `customerName`, `addressId`, `active`, `createDate`, `createdBy`, `lastUpdate`, `lastUpdateBy`) VALUES (100, 'odit', 42, 1, '1974-01-03 00:57:37', 'Winifred', '1990-09-11 09:07:26', 'Carolina');
INSERT INTO `customer` (`customerId`, `customerName`, `addressId`, `active`, `createDate`, `createdBy`, `lastUpdate`, `lastUpdateBy`) VALUES (101, 'quis', 9, 0, '1994-07-20 10:20:55', 'Rashad', '1999-06-23 12:13:15', 'Santina');


ALTER TABLE address MODIFY addressId INTEGER NOT NULL AUTO_INCREMENT;
ALTER TABLE appointment MODIFY appointmentId INTEGER NOT NULL AUTO_INCREMENT;
ALTER TABLE city MODIFY cityId INTEGER NOT NULL AUTO_INCREMENT;
ALTER TABLE country MODIFY countryId INTEGER NOT NULL AUTO_INCREMENT;
ALTER TABLE customer MODIFY customerId INTEGER NOT NULL AUTO_INCREMENT;
ALTER TABLE user MODIFY userId INTEGER NOT NULL AUTO_INCREMENT;
